county_id,year_tv_introduced
1,1951
2,1957
3,1958
4,1952
5,1951
6,1952
7,1959
8,1959
9,1959
10,1951
11,1952
12,1956
13,1952
14,1958
15,1958
16,1958
17,1957
18,1956
19,1955
20,1951
21,1953
22,1954
23,1956
24,1958
25,1955
26,1957
27,1956
28,1958
29,1960
30,1955
31,1954
32,1960
33,1953
34,1959
35,1954
36,1956
37,1954
38,1953
39,1953
40,1960
41,1957
42,1951
43,1960
44,1959
45,1960
46,1958
47,1957
48,1956
49,1955
50,1959
51,1951
52,1953
53,1952
54,1958
55,1952
56,1952
57,1955
58,1951
59,1960
60,1952
61,1951
62,1954
63,1952
64,1960
65,1955
66,1953
67,1954
68,1952
69,1953
70,1953
71,1952
72,1951
73,1959
74,1956
75,1956
76,1958
77,1951
78,1956
79,1954
80,1955
81,1956
82,1957
83,1958
84,1959
85,1951
86,1959
87,1960
88,1960
89,1951
90,1953
91,1955
92,1952
93,1952
94,1953
95,1953
96,1951
97,1953
98,1952
99,1953
100,1957
101,1953
102,1957
103,1953
104,1951
105,1952
106,1953
107,1955
108,1957
109,1951
110,1960
111,1959
112,1960
113,1954
114,1954
115,1952
116,1960
117,1953
118,1951
119,1951
120,1960
121,1951
122,1959
123,1957
124,1954
125,1954
126,1960
127,1953
128,1956
129,1960
130,1956
131,1957
132,1958
133,1959
134,1951
135,1959
136,1952
137,1954
138,1955
139,1954
140,1957
141,1958
142,1954
143,1960
144,1953
145,1959
146,1954
147,1960
148,1957
149,1957
150,1959
151,1960
152,1957
153,1951
154,1958
155,1956
156,1957
157,1954
158,1953
159,1958
160,1954
161,1955
162,1952
163,1957
164,1958
165,1960
166,1953
167,1956
168,1959
169,1952
170,1957
171,1959
172,1960
173,1952
174,1958
175,1952
176,1955
177,1953
178,1954
179,1952
180,1956
181,1958
182,1959
183,1954
184,1956
185,1954
186,1955
187,1958
188,1951
189,1951
190,1954
191,1957
192,1956
193,1956
194,1958
195,1956
196,1956
197,1959
198,1959
199,1960
200,1959
201,1959
202,1959
203,1960
204,1958
205,1960
206,1958
207,1953
208,1951
209,1954
210,1960
211,1959
212,1959
213,1958
214,1960
215,1954
216,1955
217,1958
218,1958
219,1953
220,1951
221,1952
222,1956
223,1954
224,1951
225,1957
226,1960
227,1955
228,1959
229,1958
230,1954
231,1957
232,1958
233,1954
234,1952
235,1953
236,1956
237,1956
238,1959
239,1954
240,1955
241,1951
242,1955
243,1958
244,1955
245,1955
246,1958
247,1953
248,1952
249,1956
250,1952
251,1954
252,1951
253,1959
254,1957
255,1954
256,1953
257,1957
258,1955
259,1957
260,1951
261,1955
262,1958
263,1960
264,1951
265,1952
266,1957
267,1959
268,1960
269,1955
270,1951
271,1957
272,1952
273,1951
274,1957
275,1951
276,1952
277,1960
278,1960
279,1957
280,1952
281,1957
282,1959
283,1958
284,1954
285,1957
286,1958
287,1951
288,1957
289,1954
290,1958
291,1957
292,1951
293,1960
294,1952
295,1951
296,1953
297,1951
298,1959
299,1952
300,1954
301,1951
302,1960
303,1959
304,1955
305,1953
306,1953
307,1951
308,1960
309,1956
310,1955
311,1957
312,1956
313,1955
314,1956
315,1959
316,1951
317,1958
318,1954
319,1953
320,1955
321,1956
322,1953
323,1952
324,1957
325,1960
326,1955
327,1953
328,1952
329,1959
330,1958
331,1955
332,1951
333,1953
334,1952
335,1955
336,1954
337,1958
338,1956
339,1955
340,1953
341,1956
342,1951
343,1955
344,1955
345,1958
346,1959
347,1960
348,1951
349,1958
350,1958
351,1955
352,1959
353,1953
354,1956
355,1960
356,1955
357,1958
358,1960
359,1957
360,1956
361,1953
362,1951
363,1960
364,1958
365,1957
366,1959
367,1953
368,1959
369,1952
370,1957
371,1959
372,1957
373,1958
374,1957
375,1960
376,1958
377,1959
378,1960
379,1951
380,1952
381,1958
382,1955
383,1952
384,1957
385,1956
386,1959
387,1954
388,1951
389,1955
390,1953
391,1957
392,1951
393,1959
394,1957
395,1957
396,1954
397,1954
398,1953
399,1953
400,1955
401,1957
402,1959
403,1960
404,1960
405,1960
406,1954
407,1956
408,1952
409,1953
410,1952
411,1959
412,1959
413,1953
414,1952
415,1958
416,1957
417,1957
418,1959
419,1953
420,1958
421,1952
422,1954
423,1954
424,1956
425,1955
426,1960
427,1960
428,1957
429,1956
430,1951
431,1955
432,1960
433,1952
434,1954
435,1959
436,1953
437,1956
438,1955
439,1953
440,1958
441,1957
442,1960
443,1952
444,1957
445,1954
446,1958
447,1954
448,1951
449,1953
450,1955
451,1953
452,1956
453,1959
454,1960
455,1956
456,1954
457,1951
458,1956
459,1953
460,1958
461,1957
462,1956
463,1957
464,1959
465,1951
466,1957
467,1956
468,1959
469,1953
470,1952
471,1954
472,1957
473,1952
474,1959
475,1958
476,1959
477,1953
478,1956
479,1954
480,1959
481,1956
482,1959
483,1960
484,1956
485,1955
486,1952
487,1951
488,1960
489,1958
490,1959
491,1959
492,1956
493,1959
494,1957
495,1953
496,1952
497,1953
498,1956
499,1953
500,1955
501,1951
502,1957
503,1957
504,1960
505,1956
506,1958
507,1953
508,1951
509,1960
510,1958
511,1954
512,1960
513,1952
514,1957
515,1952
516,1960
517,1952
518,1953
519,1957
520,1954
521,1952
522,1956
523,1960
524,1959
525,1957
526,1956
527,1959
528,1952
529,1959
530,1951
531,1952
532,1956
533,1954
534,1960
535,1954
536,1960
537,1955
538,1959
539,1958
540,1959
541,1959
542,1957
543,1958
544,1954
545,1956
546,1956
547,1955
548,1954
549,1952
550,1959
551,1955
552,1955
553,1960
554,1956
555,1960
556,1956
557,1957
558,1958
559,1960
560,1955
561,1957
562,1951
563,1957
564,1955
565,1952
566,1957
567,1957
568,1958
569,1957
570,1951
571,1956
572,1958
573,1951
574,1960
575,1957
576,1957
577,1952
578,1959
579,1953
580,1956
581,1954
582,1956
583,1959
584,1953
585,1960
586,1953
587,1958
588,1951
589,1954
590,1959
591,1955
592,1952
593,1959
594,1955
595,1955
596,1957
597,1954
598,1958
599,1952
600,1952
601,1951
602,1960
603,1958
604,1952
605,1956
606,1952
607,1956
608,1951
609,1955
610,1958
611,1958
612,1953
613,1959
614,1955
615,1952
616,1953
617,1955
618,1957
619,1953
620,1960
621,1957
622,1954
623,1959
624,1957
625,1960
626,1953
627,1951
628,1953
629,1955
630,1958
631,1952
632,1960
633,1959
634,1955
635,1957
636,1957
637,1953
638,1956
639,1960
640,1960
641,1952
642,1954
643,1959
644,1957
645,1953
646,1959
647,1960
648,1954
649,1959
650,1951
651,1952
652,1956
653,1955
654,1957
655,1958
656,1956
657,1957
658,1953
659,1959
660,1957
661,1953
662,1958
663,1957
664,1956
665,1956
666,1958
667,1954
668,1955
669,1960
670,1951
671,1953
672,1959
673,1956
674,1956
675,1955
676,1956
677,1957
678,1951
679,1951
680,1952
681,1958
682,1956
683,1954
684,1952
685,1956
686,1953
687,1958
688,1953
689,1954
690,1951
691,1953
692,1957
693,1959
694,1958
695,1952
696,1958
697,1958
698,1955
699,1954
700,1952
701,1959
702,1954
703,1954
704,1952
705,1956
706,1956
707,1953
708,1955
709,1951
710,1957
711,1959
712,1955
713,1959
714,1956
715,1957
716,1953
717,1960
718,1951
719,1954
720,1954
721,1956
722,1957
723,1951
724,1954
725,1952
726,1956
727,1951
728,1958
729,1956
730,1958
731,1960
732,1951
733,1955
734,1957
735,1955
736,1957
737,1955
738,1953
739,1953
740,1953
741,1957
742,1954
743,1960
744,1959
745,1957
746,1951
747,1960
748,1954
749,1951
750,1958
751,1956
752,1958
753,1956
754,1954
755,1960
756,1957
757,1959
758,1957
759,1957
760,1960
761,1953
762,1954
763,1959
764,1958
765,1956
766,1958
767,1953
768,1955
769,1952
770,1956
771,1956
772,1960
773,1953
774,1954
775,1951
776,1954
777,1954
778,1954
779,1956
780,1957
781,1956
782,1955
783,1951
784,1960
785,1951
786,1954
787,1953
788,1957
789,1957
790,1958
791,1955
792,1951
793,1955
794,1956
795,1955
796,1951
797,1956
798,1951
799,1956
800,1958
801,1957
802,1958
803,1959
804,1957
805,1951
806,1959
807,1953
808,1954
809,1955
810,1955
811,1959
812,1951
813,1955
814,1959
815,1952
816,1951
817,1956
818,1958
819,1958
820,1959
821,1960
822,1957
823,1956
824,1953
825,1960
826,1960
827,1954
828,1956
829,1956
830,1959
831,1954
832,1953
833,1954
834,1956
835,1960
836,1955
837,1951
838,1954
839,1957
840,1959
841,1958
842,1958
843,1953
844,1955
845,1955
846,1951
847,1957
848,1951
849,1953
850,1959
851,1952
852,1957
853,1959
854,1958
855,1953
856,1956
857,1954
858,1952
859,1953
860,1957
861,1953
862,1951
863,1958
864,1957
865,1955
866,1951
867,1959
868,1952
869,1953
870,1959
871,1951
872,1959
873,1952
874,1959
875,1960
876,1960
877,1959
878,1955
879,1960
880,1954
881,1954
882,1952
883,1960
884,1954
885,1952
886,1959
887,1959
888,1954
889,1953
890,1960
891,1954
892,1951
893,1957
894,1954
895,1951
896,1957
897,1958
898,1959
899,1956
900,1958
901,1956
902,1956
903,1958
904,1958
905,1954
906,1958
907,1960
908,1960
909,1959
910,1952
911,1951
912,1959
913,1955
914,1957
915,1953
916,1960
917,1957
918,1953
919,1954
920,1955
921,1959
922,1956
923,1956
924,1960
925,1960
926,1952
927,1956
928,1957
929,1957
930,1957
931,1957
932,1953
933,1959
934,1954
935,1957
936,1954
937,1954
938,1956
939,1957
940,1958
941,1954
942,1952
943,1960
944,1953
945,1953
946,1956
947,1955
948,1957
949,1951
950,1955
951,1953
952,1951
953,1956
954,1954
955,1952
956,1957
957,1952
958,1955
959,1956
960,1955
961,1956
962,1954
963,1958
964,1951
965,1954
966,1955
967,1957
968,1960
969,1953
970,1953
971,1953
972,1958
973,1960
974,1956
975,1953
976,1959
977,1953
978,1960
979,1960
980,1958
981,1954
982,1951
983,1955
984,1960
985,1953
986,1956
987,1955
988,1956
989,1955
990,1960
991,1954
992,1958
993,1951
994,1960
995,1959
996,1951
997,1952
998,1958
999,1951
1000,1955
1001,1952
1002,1953
1003,1952
1004,1957
1005,1960
1006,1960
1007,1956
1008,1958
1009,1952
1010,1955
1011,1960
1012,1956
1013,1956
1014,1958
1015,1955
1016,1951
1017,1952
1018,1953
1019,1952
1020,1957
1021,1957
1022,1958
1023,1952
1024,1955
1025,1954
1026,1957
1027,1954
1028,1951
1029,1955
1030,1958
1031,1959
1032,1951
1033,1951
1034,1952
1035,1955
1036,1952
1037,1952
1038,1955
1039,1957
1040,1955
1041,1955
1042,1958
1043,1953
1044,1954
1045,1957
1046,1953
1047,1952
1048,1956
1049,1955
1050,1958
1051,1960
1052,1955
1053,1960
1054,1954
1055,1960
1056,1952
1057,1957
1058,1956
1059,1952
1060,1955
1061,1954
1062,1956
1063,1952
1064,1953
1065,1951
1066,1951
1067,1958
1068,1955
1069,1954
1070,1951
1071,1952
1072,1951
1073,1953
1074,1959
1075,1952
1076,1958
1077,1960
1078,1951
1079,1960
1080,1952
1081,1953
1082,1953
1083,1958
1084,1953
1085,1954
1086,1951
1087,1955
1088,1954
1089,1954
1090,1958
1091,1952
1092,1956
1093,1956
1094,1954
1095,1957
1096,1954
1097,1954
1098,1957
1099,1957
1100,1958
1101,1953
1102,1955
1103,1952
1104,1957
1105,1952
1106,1954
1107,1958
1108,1959
1109,1953
1110,1956
1111,1960
1112,1952
1113,1957
1114,1960
1115,1952
1116,1957
1117,1955
1118,1952
1119,1960
1120,1951
1121,1951
1122,1959
1123,1956
1124,1955
1125,1951
1126,1955
1127,1960
1128,1954
1129,1954
1130,1957
1131,1952
1132,1960
1133,1956
1134,1954
1135,1954
1136,1957
1137,1957
1138,1955
1139,1951
1140,1958
1141,1951
1142,1960
1143,1951
1144,1958
1145,1957
1146,1951
1147,1957
1148,1951
1149,1951
1150,1959
1151,1955
1152,1951
1153,1951
1154,1952
1155,1957
1156,1954
1157,1959
1158,1951
1159,1954
1160,1954
1161,1954
1162,1951
1163,1957
1164,1958
1165,1956
1166,1959
1167,1960
1168,1955
1169,1959
1170,1951
1171,1960
1172,1955
1173,1952
1174,1951
1175,1957
1176,1956
1177,1958
1178,1954
1179,1954
1180,1957
1181,1951
1182,1960
1183,1954
1184,1952
1185,1954
1186,1951
1187,1960
1188,1952
1189,1955
1190,1953
1191,1954
1192,1955
1193,1954
1194,1952
1195,1955
1196,1960
1197,1953
1198,1958
1199,1958
1200,1954
1201,1958
1202,1959
1203,1955
1204,1957
1205,1957
1206,1953
1207,1958
1208,1953
1209,1952
1210,1960
1211,1957
1212,1952
1213,1958
1214,1956
1215,1957
1216,1952
1217,1957
1218,1951
1219,1954
1220,1953
1221,1954
1222,1955
1223,1954
1224,1958
1225,1956
1226,1952
1227,1954
1228,1953
1229,1957
1230,1951
1231,1958
1232,1951
1233,1956
1234,1957
1235,1960
1236,1953
1237,1951
1238,1954
1239,1960
1240,1951
1241,1959
1242,1960
1243,1952
1244,1956
1245,1951
1246,1957
1247,1951
1248,1957
1249,1959
1250,1954
1251,1956
1252,1952
1253,1951
1254,1951
1255,1955
1256,1951
1257,1954
1258,1956
1259,1955
1260,1958
1261,1955
1262,1958
1263,1954
1264,1954
1265,1960
1266,1953
1267,1959
1268,1952
1269,1960
1270,1954
1271,1954
1272,1952
1273,1951
1274,1956
1275,1958
1276,1960
1277,1953
1278,1955
1279,1960
1280,1958
1281,1951
1282,1952
1283,1957
1284,1952
1285,1960
1286,1954
1287,1957
1288,1960
1289,1951
1290,1958
1291,1955
1292,1960
1293,1956
1294,1957
1295,1960
1296,1956
1297,1956
1298,1955
1299,1955
1300,1952
1301,1954
1302,1957
1303,1956
1304,1960
1305,1956
1306,1956
1307,1960
1308,1957
1309,1957
1310,1955
1311,1953
1312,1955
1313,1953
1314,1959
1315,1960
1316,1958
1317,1951
1318,1959
1319,1955
1320,1959
1321,1958
1322,1959
1323,1957
1324,1958
1325,1951
1326,1957
1327,1958
1328,1959
1329,1954
1330,1951
1331,1960
1332,1954
1333,1960
1334,1955
1335,1960
1336,1951
1337,1953
1338,1953
1339,1955
1340,1957
1341,1951
1342,1956
1343,1955
1344,1955
1345,1953
1346,1960
1347,1951
1348,1955
1349,1953
1350,1951
1351,1953
1352,1954
1353,1954
1354,1951
1355,1958
1356,1956
1357,1956
1358,1953
1359,1957
1360,1954
1361,1955
1362,1960
1363,1957
1364,1955
1365,1958
1366,1960
1367,1960
1368,1956
1369,1957
1370,1958
1371,1957
1372,1953
1373,1955
1374,1953
1375,1951
1376,1960
1377,1956
1378,1960
1379,1952
1380,1951
1381,1959
1382,1952
1383,1952
1384,1958
1385,1952
1386,1952
1387,1959
1388,1960
1389,1959
1390,1957
1391,1960
1392,1960
1393,1960
1394,1956
1395,1956
1396,1959
1397,1957
1398,1954
1399,1958
1400,1953
1401,1954
1402,1953
1403,1953
1404,1960
1405,1956
1406,1954
1407,1955
1408,1959
1409,1953
1410,1958
1411,1960
1412,1959
1413,1951
1414,1952
1415,1955
1416,1960
1417,1953
1418,1955
1419,1953
1420,1953
1421,1956
1422,1953
1423,1952
1424,1960
1425,1960
1426,1953
1427,1951
1428,1954
1429,1959
1430,1957
1431,1958
1432,1959
1433,1960
1434,1955
1435,1959
1436,1951
1437,1959
1438,1960
1439,1960
1440,1954
1441,1953
1442,1953
1443,1955
1444,1953
1445,1958
1446,1952
1447,1957
1448,1951
1449,1960
1450,1952
1451,1953
1452,1951
1453,1952
1454,1955
1455,1960
1456,1955
1457,1956
1458,1956
1459,1957
1460,1956
1461,1959
1462,1958
1463,1953
1464,1955
1465,1957
1466,1955
1467,1952
1468,1959
1469,1956
1470,1953
1471,1958
1472,1960
1473,1954
1474,1955
1475,1955
1476,1955
1477,1960
1478,1958
1479,1954
1480,1959
1481,1956
1482,1960
1483,1954
1484,1960
1485,1951
1486,1952
1487,1957
1488,1958
1489,1951
1490,1960
1491,1956
1492,1953
1493,1957
1494,1956
1495,1952
1496,1956
1497,1957
1498,1958
1499,1953
1500,1957
1501,1959
1502,1957
1503,1957
1504,1951
1505,1959
1506,1957
1507,1954
1508,1952
1509,1959
1510,1954
1511,1955
1512,1953
1513,1960
1514,1953
1515,1955
1516,1953
1517,1952
1518,1960
1519,1960
1520,1954
1521,1954
1522,1954
1523,1957
1524,1959
1525,1957
1526,1953
1527,1955
1528,1953
1529,1954
1530,1952
1531,1958
1532,1957
1533,1958
1534,1957
1535,1955
1536,1955
1537,1960
1538,1956
1539,1955
1540,1952
1541,1958
1542,1959
1543,1955
1544,1951
1545,1953
1546,1960
1547,1956
1548,1954
1549,1954
1550,1955
1551,1960
1552,1960
1553,1960
1554,1956
1555,1951
1556,1953
1557,1952
1558,1954
1559,1959
1560,1959
1561,1954
1562,1951
1563,1960
1564,1951
1565,1959
1566,1952
1567,1955
1568,1956
1569,1951
1570,1959
1571,1958
1572,1960
1573,1955
1574,1959
1575,1953
1576,1958
1577,1957
1578,1959
1579,1958
1580,1954
1581,1953
1582,1955
1583,1952
1584,1957
1585,1951
1586,1955
1587,1953
1588,1957
1589,1953
1590,1953
1591,1955
1592,1957
1593,1951
1594,1953
1595,1956
1596,1958
1597,1959
1598,1958
1599,1960
1600,1956
1601,1955
1602,1953
1603,1954
1604,1951
1605,1957
1606,1953
1607,1957
1608,1957
1609,1954
1610,1952
1611,1953
1612,1955
1613,1959
1614,1951
1615,1957
1616,1956
1617,1955
1618,1957
1619,1956
1620,1958
1621,1951
1622,1957
1623,1952
1624,1958
1625,1953
1626,1959
1627,1960
1628,1958
1629,1954
1630,1954
1631,1953
1632,1958
1633,1959
1634,1956
1635,1957
1636,1960
1637,1956
1638,1959
1639,1960
1640,1953
1641,1960
1642,1952
1643,1958
1644,1958
1645,1954
1646,1955
1647,1956
1648,1951
1649,1953
1650,1952
1651,1951
1652,1951
1653,1955
1654,1958
1655,1954
1656,1952
1657,1956
1658,1959
1659,1957
1660,1951
1661,1959
1662,1952
1663,1952
1664,1952
1665,1956
1666,1959
1667,1957
1668,1955
1669,1954
1670,1956
1671,1952
1672,1953
1673,1954
1674,1952
1675,1954
1676,1953
1677,1955
1678,1957
1679,1953
1680,1954
1681,1953
1682,1957
1683,1956
1684,1951
1685,1955
1686,1959
1687,1951
1688,1953
1689,1960
1690,1954
1691,1955
1692,1952
1693,1958
1694,1957
1695,1953
1696,1958
1697,1953
1698,1955
1699,1956
1700,1952
1701,1960
1702,1957
1703,1957
1704,1953
1705,1960
1706,1951
1707,1952
1708,1956
1709,1953
1710,1956
1711,1953
1712,1956
1713,1960
1714,1956
1715,1954
1716,1955
1717,1953
1718,1952
1719,1955
1720,1952
1721,1955
1722,1959
1723,1958
1724,1959
1725,1960
1726,1956
1727,1953
1728,1960
1729,1953
1730,1958
1731,1959
1732,1960
1733,1957
1734,1960
1735,1951
1736,1955
1737,1956
1738,1955
1739,1953
1740,1952
1741,1958
1742,1953
1743,1952
1744,1959
1745,1954
1746,1952
1747,1954
1748,1952
1749,1957
1750,1958
1751,1959
1752,1959
1753,1955
1754,1954
1755,1952
1756,1959
1757,1951
1758,1959
1759,1953
1760,1958
1761,1960
1762,1958
1763,1952
1764,1952
1765,1952
1766,1959
1767,1954
1768,1951
1769,1954
1770,1955
1771,1951
1772,1957
1773,1954
1774,1951
1775,1953
1776,1955
1777,1952
1778,1953
1779,1951
1780,1955
1781,1953
1782,1958
1783,1953
1784,1958
1785,1955
1786,1957
1787,1953
1788,1954
1789,1960
1790,1957
1791,1953
1792,1957
1793,1957
1794,1957
1795,1954
1796,1958
1797,1955
1798,1960
1799,1951
1800,1956
1801,1955
1802,1960
1803,1959
1804,1959
1805,1952
1806,1956
1807,1951
1808,1959
1809,1955
1810,1953
1811,1954
1812,1956
1813,1956
1814,1956
1815,1957
1816,1960
1817,1956
1818,1951
1819,1951
1820,1957
1821,1951
1822,1951
1823,1953
1824,1954
1825,1960
1826,1953
1827,1958
1828,1958
1829,1955
1830,1960
1831,1959
1832,1957
1833,1957
1834,1958
1835,1960
1836,1957
1837,1955
1838,1951
1839,1958
1840,1960
1841,1959
1842,1956
1843,1959
1844,1955
1845,1956
1846,1954
1847,1954
1848,1954
1849,1955
1850,1952
1851,1953
1852,1956
1853,1952
1854,1953
1855,1952
1856,1959
1857,1955
1858,1958
1859,1951
1860,1952
1861,1958
1862,1952
1863,1960
1864,1952
1865,1952
1866,1957
1867,1958
1868,1952
1869,1958
1870,1959
1871,1954
1872,1956
1873,1957
1874,1958
1875,1959
1876,1960
1877,1959
1878,1960
1879,1958
1880,1959
1881,1959
1882,1958
1883,1956
1884,1954
1885,1954
1886,1958
1887,1957
1888,1960
1889,1958
1890,1956
1891,1956
1892,1957
1893,1952
1894,1957
1895,1954
1896,1957
1897,1959
1898,1958
1899,1959
1900,1959
1901,1951
1902,1957
1903,1954
1904,1955
1905,1955
1906,1951
1907,1958
1908,1957
1909,1952
1910,1956
1911,1960
1912,1952
1913,1957
1914,1957
1915,1959
1916,1952
1917,1954
1918,1955
1919,1954
1920,1953
1921,1958
1922,1959
1923,1960
1924,1959
1925,1958
1926,1960
1927,1954
1928,1960
1929,1956
1930,1960
1931,1958
1932,1960
1933,1955
1934,1960
1935,1959
1936,1952
1937,1960
1938,1960
1939,1955
1940,1954
1941,1960
1942,1957
1943,1952
1944,1953
1945,1953
1946,1953
1947,1960
1948,1954
1949,1954
1950,1959
1951,1953
1952,1953
1953,1959
1954,1951
1955,1960
1956,1960
1957,1959
1958,1954
1959,1951
1960,1954
1961,1959
1962,1951
1963,1957
1964,1956
1965,1957
1966,1951
1967,1958
1968,1956
1969,1951
1970,1959
1971,1955
1972,1956
1973,1959
1974,1955
1975,1952
1976,1959
1977,1951
1978,1959
1979,1955
1980,1958
1981,1955
1982,1954
1983,1954
1984,1952
1985,1954
1986,1958
1987,1955
1988,1953
1989,1957
1990,1960
1991,1952
1992,1951
1993,1954
1994,1959
1995,1957
1996,1952
1997,1955
1998,1956
1999,1957
2000,1954
2001,1953
2002,1952
2003,1952
2004,1958
2005,1951
2006,1958
2007,1955
2008,1960
2009,1954
2010,1957
2011,1958
2012,1953
2013,1953
2014,1951
2015,1960
2016,1960
2017,1958
2018,1958
2019,1956
2020,1960
2021,1952
2022,1956
2023,1954
2024,1959
2025,1951
2026,1960
2027,1953
2028,1959
2029,1957
2030,1959
2031,1960
2032,1959
2033,1955
2034,1954
2035,1960
2036,1953
2037,1960
2038,1952
2039,1959
2040,1956
2041,1956
2042,1951
2043,1959
2044,1953
2045,1951
2046,1955
2047,1956
2048,1956
2049,1953
2050,1955
2051,1951
2052,1953
2053,1958
2054,1952
2055,1957
2056,1959
2057,1953
2058,1952
2059,1955
2060,1957
2061,1952
2062,1957
2063,1951
2064,1955
2065,1958
2066,1954
2067,1954
2068,1958
2069,1951
2070,1956
2071,1953
2072,1953
2073,1958
2074,1955
2075,1954
2076,1953
2077,1960
2078,1954
2079,1955
2080,1959
2081,1960
2082,1955
2083,1957
2084,1952
2085,1953
2086,1957
2087,1951
2088,1958
2089,1954
2090,1957
2091,1959
2092,1954
2093,1956
2094,1954
2095,1955
2096,1954
2097,1952
2098,1955
2099,1960
2100,1954
2101,1953
2102,1953
2103,1959
2104,1959
2105,1958
2106,1960
2107,1957
2108,1958
2109,1960
2110,1954
2111,1953
2112,1960
2113,1960
2114,1960
2115,1959
2116,1958
2117,1957
2118,1959
2119,1960
2120,1958
2121,1956
2122,1954
2123,1954
2124,1951
2125,1957
2126,1954
2127,1951
2128,1951
2129,1952
2130,1955
2131,1952
2132,1956
2133,1956
2134,1960
2135,1952
2136,1960
2137,1954
2138,1958
2139,1955
2140,1953
2141,1959
2142,1957
2143,1956
2144,1960
2145,1958
2146,1951
2147,1952
2148,1954
2149,1952
2150,1954
2151,1954
2152,1953
2153,1954
2154,1959
2155,1955
2156,1957
2157,1959
2158,1953
2159,1960
2160,1952
2161,1957
2162,1957
2163,1955
2164,1951
2165,1955
2166,1952
2167,1953
2168,1959
2169,1959
2170,1954
2171,1955
2172,1959
2173,1958
2174,1953
2175,1951
2176,1956
2177,1953
2178,1953
2179,1959
2180,1953
2181,1953
2182,1959
2183,1959
2184,1953
2185,1951
2186,1951
2187,1953
2188,1954
2189,1954
2190,1956
2191,1951
2192,1959
2193,1956
2194,1953
2195,1953
2196,1958
2197,1953
2198,1952
2199,1954
2200,1952
2201,1959
2202,1956
2203,1960
2204,1957
2205,1954
2206,1960
2207,1955
2208,1956
2209,1954
2210,1951
2211,1958
2212,1952
2213,1959
2214,1953
2215,1960
2216,1952
2217,1953
2218,1952
2219,1951
2220,1954
2221,1952
2222,1951
2223,1953
2224,1960
2225,1960
2226,1951
2227,1958
2228,1957
2229,1956
2230,1952
2231,1953
2232,1957
2233,1960
2234,1954
2235,1952
2236,1955
2237,1954
2238,1955
2239,1960
2240,1954
2241,1953
2242,1953
2243,1953
2244,1955
2245,1955
2246,1951
2247,1956
2248,1953
2249,1953
2250,1952
2251,1952
2252,1959
2253,1953
2254,1957
2255,1960
2256,1956
2257,1954
2258,1954
2259,1960
2260,1955
2261,1960
2262,1958
2263,1958
2264,1958
2265,1956
2266,1951
2267,1956
2268,1954
2269,1956
2270,1954
2271,1958
2272,1955
2273,1955
2274,1957
2275,1958
2276,1960
2277,1952
2278,1953
2279,1951
2280,1951
2281,1956
2282,1956
2283,1959
2284,1953
2285,1958
2286,1955
2287,1953
2288,1954
2289,1951
2290,1959
2291,1951
2292,1956
2293,1951
2294,1955
2295,1960
2296,1955
2297,1957
2298,1952
2299,1955
2300,1958
2301,1952
2302,1958
2303,1954
2304,1951
2305,1956
2306,1953
2307,1952
2308,1951
2309,1959
2310,1958
2311,1953
2312,1958
2313,1953
2314,1959
2315,1959
2316,1952
2317,1954
2318,1956
2319,1951
2320,1959
2321,1957
2322,1955
2323,1953
2324,1953
2325,1954
2326,1959
2327,1952
2328,1956
2329,1956
2330,1958
2331,1951
2332,1954
2333,1951
2334,1951
2335,1960
2336,1957
2337,1958
2338,1951
2339,1955
2340,1951
2341,1957
2342,1951
2343,1954
2344,1957
2345,1960
2346,1955
2347,1955
2348,1957
2349,1955
2350,1952
2351,1959
2352,1959
2353,1959
2354,1952
2355,1955
2356,1957
2357,1958
2358,1959
2359,1955
2360,1954
2361,1957
2362,1957
2363,1953
2364,1953
2365,1957
2366,1958
2367,1953
2368,1958
2369,1955
2370,1958
2371,1954
2372,1956
2373,1960
2374,1955
2375,1956
2376,1952
2377,1954
2378,1953
2379,1959
2380,1952
2381,1955
2382,1960
2383,1956
2384,1953
2385,1953
2386,1957
2387,1956
2388,1955
2389,1960
2390,1959
2391,1956
2392,1958
2393,1951
2394,1955
2395,1960
2396,1956
2397,1960
2398,1953
2399,1954
2400,1956
2401,1952
2402,1956
2403,1956
2404,1959
2405,1953
2406,1953
2407,1957
2408,1959
2409,1956
2410,1958
2411,1960
2412,1956
2413,1956
2414,1959
2415,1955
2416,1952
2417,1958
2418,1954
2419,1958
2420,1956
2421,1955
2422,1955
2423,1960
2424,1951
2425,1953
2426,1954
2427,1952
2428,1955
2429,1951
2430,1951
2431,1951
2432,1955
2433,1952
2434,1956
2435,1953
2436,1959
2437,1957
2438,1951
2439,1955
2440,1952
2441,1958
2442,1958
2443,1951
2444,1951
2445,1951
2446,1955
2447,1952
2448,1959
2449,1957
2450,1952
2451,1957
2452,1951
2453,1955
2454,1958
2455,1958
2456,1953
2457,1958
2458,1960
2459,1952
2460,1955
2461,1952
2462,1959
2463,1951
2464,1957
2465,1955
2466,1954
2467,1959
2468,1958
2469,1958
2470,1952
2471,1956
2472,1959
2473,1958
2474,1959
2475,1959
2476,1954
2477,1958
2478,1951
2479,1951
2480,1958
2481,1953
2482,1952
2483,1955
2484,1958
2485,1953
2486,1960
2487,1953
2488,1956
2489,1952
2490,1960
2491,1955
2492,1957
2493,1954
2494,1958
2495,1951
2496,1952
2497,1960
2498,1958
2499,1958
2500,1960
2501,1954
2502,1956
2503,1960
2504,1954
2505,1960
2506,1956
2507,1954
2508,1954
2509,1955
2510,1951
2511,1956
2512,1956
2513,1956
2514,1960
2515,1953
2516,1958
2517,1951
2518,1959
2519,1952
2520,1954
2521,1953
2522,1956
2523,1955
2524,1956
2525,1953
2526,1953
2527,1954
2528,1955
2529,1952
2530,1960
2531,1959
2532,1956
2533,1958
2534,1953
2535,1952
2536,1952
2537,1953
2538,1958
2539,1951
2540,1959
2541,1952
2542,1953
2543,1953
2544,1956
2545,1960
2546,1959
2547,1960
2548,1956
2549,1959
2550,1951
2551,1958
2552,1953
2553,1954
2554,1960
2555,1951
2556,1954
2557,1953
2558,1955
2559,1951
2560,1959
2561,1957
2562,1958
2563,1954
2564,1960
2565,1955
2566,1953
2567,1952
2568,1952
2569,1951
2570,1957
2571,1960
2572,1955
2573,1956
2574,1960
2575,1953
2576,1953
2577,1959
2578,1951
2579,1959
2580,1958
2581,1952
2582,1959
2583,1952
2584,1959
2585,1956
2586,1957
2587,1960
2588,1955
2589,1959
2590,1953
2591,1959
2592,1958
2593,1953
2594,1960
2595,1951
2596,1958
2597,1959
2598,1951
2599,1958
2600,1960
2601,1956
2602,1955
2603,1958
2604,1957
2605,1958
2606,1954
2607,1952
2608,1960
2609,1957
2610,1959
2611,1959
2612,1953
2613,1957
2614,1958
2615,1960
2616,1958
2617,1959
2618,1957
2619,1956
2620,1953
2621,1951
2622,1960
2623,1951
2624,1951
2625,1957
2626,1960
2627,1955
2628,1957
2629,1957
2630,1958
2631,1959
2632,1952
2633,1952
2634,1953
2635,1957
2636,1958
2637,1959
2638,1955
2639,1954
2640,1954
2641,1959
2642,1957
2643,1951
2644,1960
2645,1953
2646,1952
2647,1959
2648,1957
2649,1953
2650,1952
2651,1957
2652,1956
2653,1960
2654,1953
2655,1951
2656,1960
2657,1957
2658,1957
2659,1951
2660,1955
2661,1951
2662,1959
2663,1953
2664,1956
2665,1952
2666,1956
2667,1954
2668,1957
2669,1954
2670,1958
2671,1959
2672,1954
2673,1957
2674,1958
2675,1959
2676,1953
2677,1952
2678,1954
2679,1957
2680,1953
2681,1958
2682,1957
2683,1955
2684,1958
2685,1960
2686,1960
2687,1955
2688,1952
2689,1958
2690,1953
2691,1953
2692,1958
2693,1958
2694,1956
2695,1954
2696,1956
2697,1956
2698,1957
2699,1952
2700,1956
2701,1960
2702,1960
2703,1952
2704,1952
2705,1959
2706,1951
2707,1960
2708,1956
2709,1958
2710,1959
2711,1953
2712,1956
2713,1955
2714,1955
2715,1953
2716,1957
2717,1954
2718,1955
2719,1952
2720,1955
2721,1955
2722,1954
2723,1953
2724,1952
2725,1953
2726,1952
2727,1960
2728,1953
2729,1957
2730,1958
2731,1957
2732,1958
2733,1954
2734,1960
2735,1951
2736,1954
2737,1953
2738,1954
2739,1955
2740,1957
2741,1953
2742,1953
2743,1953
2744,1958
2745,1959
2746,1956
2747,1956
2748,1955
2749,1955
2750,1960
2751,1960
2752,1959
2753,1951
2754,1951
2755,1955
2756,1957
2757,1952
2758,1954
2759,1954
2760,1951
2761,1953
2762,1960
2763,1959
2764,1951
2765,1956
2766,1956
2767,1955
2768,1951
2769,1954
2770,1956
2771,1951
2772,1955
2773,1953
2774,1958
2775,1954
2776,1956
2777,1960
2778,1959
2779,1954
2780,1952
2781,1956
2782,1955
2783,1960
2784,1952
2785,1953
2786,1953
2787,1953
2788,1955
2789,1957
2790,1954
2791,1959
2792,1956
2793,1952
2794,1954
2795,1960
2796,1958
2797,1959
2798,1959
2799,1960
2800,1952
2801,1957
2802,1957
2803,1955
2804,1951
2805,1959
2806,1956
2807,1951
2808,1958
2809,1951
2810,1956
2811,1956
2812,1952
2813,1959
2814,1959
2815,1955
2816,1956
2817,1952
2818,1960
2819,1953
2820,1960
2821,1959
2822,1951
2823,1957
2824,1957
2825,1959
2826,1955
2827,1952
2828,1952
2829,1952
2830,1957
2831,1954
2832,1954
2833,1960
2834,1957
2835,1955
2836,1954
2837,1953
2838,1953
2839,1952
2840,1955
2841,1959
2842,1955
2843,1953
2844,1952
2845,1955
2846,1953
2847,1954
2848,1953
2849,1954
2850,1957
2851,1956
2852,1960
2853,1959
2854,1955
2855,1952
2856,1958
2857,1959
2858,1955
2859,1954
2860,1951
2861,1958
2862,1953
2863,1960
2864,1960
2865,1955
2866,1954
2867,1958
2868,1960
2869,1960
2870,1952
2871,1957
2872,1951
2873,1951
2874,1955
2875,1957
2876,1956
2877,1951
2878,1953
2879,1957
2880,1958
2881,1953
2882,1960
2883,1954
2884,1958
2885,1951
2886,1952
2887,1952
2888,1960
2889,1956
2890,1959
2891,1952
2892,1957
2893,1960
2894,1960
2895,1952
2896,1960
2897,1960
2898,1953
2899,1957
2900,1957
2901,1957
2902,1956
2903,1958
2904,1951
2905,1959
2906,1956
2907,1957
2908,1959
2909,1951
2910,1954
2911,1960
2912,1956
2913,1953
2914,1958
2915,1953
2916,1960
2917,1959
2918,1955
2919,1952
2920,1960
2921,1960
2922,1959
2923,1957
2924,1951
2925,1953
2926,1952
2927,1957
2928,1954
2929,1956
2930,1952
2931,1959
2932,1957
2933,1955
2934,1955
2935,1951
2936,1957
2937,1958
2938,1954
2939,1952
2940,1951
2941,1960
2942,1952
2943,1952
2944,1958
2945,1951
2946,1958
2947,1951
2948,1959
2949,1955
2950,1959
2951,1960
2952,1959
2953,1960
2954,1952
2955,1960
2956,1959
2957,1960
2958,1952
2959,1956
2960,1951
2961,1954
2962,1953
2963,1952
2964,1952
2965,1959
2966,1952
2967,1956
2968,1951
2969,1958
2970,1955
2971,1951
2972,1952
2973,1957
2974,1952
2975,1955
2976,1956
2977,1957
2978,1960
2979,1956
2980,1957
2981,1955
2982,1952
2983,1956
2984,1959
2985,1954
2986,1953
2987,1952
2988,1952
2989,1960
2990,1958
2991,1956
2992,1952
2993,1951
2994,1951
2995,1956
2996,1956
2997,1958
2998,1952
2999,1958
3000,1959
3001,1959
3002,1960
3003,1954
3004,1955
3005,1956
3006,1959
3007,1951
3008,1960
3009,1958
3010,1957
3011,1952
3012,1958
3013,1957
3014,1957
3015,1951
3016,1955
3017,1951
3018,1951
3019,1953
3020,1956
3021,1959
3022,1955
3023,1954
3024,1956
3025,1954
3026,1956
3027,1952
3028,1958
3029,1958
3030,1951
3031,1957
3032,1953
3033,1956
3034,1957
3035,1954
3036,1953
3037,1958
3038,1959
3039,1952
3040,1959
3041,1951
3042,1959
3043,1951
3044,1952
3045,1952
3046,1953
3047,1960
3048,1958
3049,1954
3050,1958
3051,1956
3052,1956
3053,1956
3054,1958
3055,1960
3056,1957
3057,1954
3058,1960
3059,1954
3060,1960
3061,1957
3062,1960
3063,1951
3064,1951
3065,1957
3066,1960
3067,1957
3068,1956
3069,1956
3070,1952
3071,1951
3072,1952
3073,1955
3074,1958
3075,1960
3076,1951
3077,1957
3078,1951
3079,1959
3080,1951
3081,1951
3082,1953
3083,1956
3084,1957
3085,1955
3086,1959
3087,1951
3088,1954
3089,1955
3090,1955
3091,1952
3092,1957
3093,1954
3094,1954
3095,1951
3096,1951
3097,1952
3098,1952
3099,1952
3100,1956
3101,1960
3102,1951
3103,1953
3104,1954
3105,1953
3106,1951
3107,1958
3108,1952
3109,1958
3110,1951
3111,1952
3112,1956
3113,1957
3114,1956
3115,1951
3116,1960
3117,1957
3118,1952
3119,1954
3120,1955
3121,1952
3122,1953
3123,1956
3124,1957
3125,1954
3126,1955
3127,1957
3128,1955
3129,1952
3130,1959
3131,1957
3132,1958
3133,1959
3134,1955
3135,1956
3136,1960
3137,1954
3138,1955
3139,1958
3140,1956
3141,1956
3142,1959
3143,1953
3144,1960
3145,1955
3146,1952
3147,1957
3148,1954
3149,1958
3150,1952
3151,1956
3152,1956
3153,1959
3154,1960
3155,1955
3156,1960
3157,1953
3158,1957
3159,1957
3160,1959
3161,1953
3162,1954
3163,1955
3164,1958
3165,1953
3166,1960
3167,1954
3168,1955
3169,1960
3170,1954
3171,1958
3172,1951
3173,1959
3174,1955
3175,1960
3176,1960
3177,1956
3178,1951
3179,1953
3180,1957
3181,1953
3182,1955
3183,1953
3184,1957
3185,1951
3186,1959
3187,1954
3188,1958
3189,1954
3190,1957
3191,1951
3192,1953
3193,1954
3194,1953
3195,1957
3196,1960
3197,1958
3198,1954
3199,1957
3200,1955
3201,1954
3202,1957
3203,1959
3204,1957
3205,1952
3206,1953
3207,1951
3208,1959
3209,1960
3210,1953
3211,1952
3212,1960
3213,1955
3214,1955
3215,1953
3216,1957
3217,1958
3218,1956
3219,1957
3220,1957
3221,1959
3222,1960
3223,1960
3224,1958
3225,1958
3226,1960
3227,1956
3228,1960
3229,1952
3230,1958
3231,1956
3232,1951
3233,1958
3234,1951
3235,1953
3236,1953
3237,1952
3238,1953
3239,1956
3240,1960
3241,1953
3242,1951
3243,1957
3244,1957
3245,1952
3246,1959
3247,1959
3248,1955
3249,1955
3250,1951
3251,1954
3252,1956
3253,1951
3254,1954
3255,1956
3256,1953
3257,1960
3258,1952
3259,1955
3260,1958
3261,1955
3262,1956
3263,1951
3264,1952
3265,1956
3266,1959
3267,1959
3268,1959
3269,1959
3270,1955
3271,1956
3272,1953
3273,1957
3274,1960
3275,1952
3276,1957
3277,1960
3278,1951
3279,1956
3280,1955
3281,1960
3282,1955
3283,1960
3284,1954
3285,1954
3286,1959
3287,1958
3288,1956
3289,1956
3290,1957
3291,1957
3292,1958
3293,1959
3294,1960
3295,1952
3296,1953
3297,1959
3298,1956
3299,1959
3300,1959
3301,1954
3302,1955
3303,1960
3304,1955
3305,1955
3306,1956
3307,1960
3308,1952
3309,1957
3310,1957
3311,1951
3312,1952
3313,1959
3314,1960
3315,1957
3316,1960
3317,1953
3318,1953
3319,1957
3320,1955
3321,1953
3322,1957
3323,1955
3324,1959
3325,1953
3326,1958
3327,1957
3328,1954
3329,1955
3330,1957
3331,1955
3332,1958
3333,1955
3334,1951
3335,1960
3336,1957
3337,1956
3338,1959
3339,1957
3340,1951
3341,1958
3342,1958
3343,1959
3344,1956
3345,1954
3346,1960
3347,1953
3348,1959
3349,1959
3350,1957
3351,1956
3352,1957
3353,1960
3354,1959
3355,1953
3356,1953
3357,1953
3358,1955
3359,1955
3360,1954
3361,1954
3362,1953
3363,1960
3364,1957
3365,1951
3366,1956
3367,1952
3368,1959
3369,1957
3370,1951
3371,1958
3372,1953
3373,1952
3374,1952
3375,1956
3376,1960
3377,1960
3378,1957
3379,1958
3380,1954
3381,1951
3382,1952
3383,1960
3384,1958
3385,1953
3386,1960
3387,1956
3388,1953
3389,1958
3390,1954
3391,1957
3392,1960
3393,1957
3394,1959
3395,1960
3396,1956
3397,1953
3398,1958
3399,1959
3400,1960
3401,1959
3402,1955
3403,1956
3404,1957
3405,1953
3406,1957
3407,1958
3408,1959
3409,1960
3410,1951
3411,1955
3412,1953
3413,1959
3414,1956
3415,1959
3416,1959
3417,1951
3418,1951
3419,1953
3420,1959
3421,1958
3422,1952
3423,1954
3424,1959
3425,1951
3426,1953
3427,1958
3428,1953
3429,1953
3430,1957
3431,1959
3432,1952
3433,1953
3434,1956
3435,1954
3436,1955
3437,1958
3438,1951
3439,1957
3440,1952
3441,1954
3442,1953
3443,1958
3444,1952
3445,1955
3446,1953
3447,1959
3448,1955
3449,1955
3450,1952
3451,1957
3452,1959
3453,1955
3454,1951
3455,1953
3456,1959
3457,1956
3458,1959
3459,1959
3460,1952
3461,1954
3462,1959
3463,1960
3464,1951
3465,1954
3466,1952
3467,1958
3468,1954
3469,1955
3470,1959
3471,1960
3472,1953
3473,1955
3474,1952
3475,1954
3476,1953
3477,1953
3478,1960
3479,1953
3480,1959
3481,1960
3482,1951
3483,1957
3484,1952
3485,1952
3486,1954
3487,1952
3488,1954
3489,1952
3490,1956
3491,1951
3492,1953
3493,1951
3494,1960
3495,1958
3496,1955
3497,1958
3498,1955
3499,1959
3500,1956
3501,1956
3502,1954
3503,1954
3504,1954
3505,1958
3506,1951
3507,1958
3508,1951
3509,1954
3510,1955
3511,1959
3512,1951
3513,1956
3514,1952
3515,1956
3516,1956
3517,1960
3518,1951
3519,1958
3520,1955
3521,1960
3522,1951
3523,1956
3524,1951
3525,1951
3526,1957
3527,1951
3528,1958
3529,1954
3530,1958
3531,1952
3532,1955
3533,1956
3534,1953
3535,1952
3536,1953
3537,1958
3538,1952
3539,1956
3540,1951
3541,1959
3542,1959
3543,1958
3544,1958
3545,1954
3546,1956
3547,1959
3548,1958
3549,1958
3550,1960
3551,1959
3552,1959
3553,1952
3554,1959
3555,1954
3556,1951
3557,1958
3558,1960
3559,1953
3560,1952
3561,1957
3562,1954
3563,1959
3564,1956
3565,1952
3566,1958
3567,1952
3568,1954
3569,1952
3570,1959
3571,1953
3572,1956
3573,1951
3574,1952
3575,1952
3576,1954
3577,1951
3578,1954
3579,1956
3580,1959
3581,1960
3582,1953
3583,1954
3584,1953
3585,1959
3586,1956
3587,1960
3588,1951
3589,1958
3590,1957
3591,1956
3592,1954
3593,1958
3594,1960
3595,1958
3596,1951
3597,1957
3598,1958
3599,1956
3600,1957
3601,1956
3602,1958
3603,1958
3604,1960
3605,1952
3606,1956
3607,1954
3608,1953
3609,1953
3610,1955
3611,1951
3612,1956
3613,1957
3614,1952
3615,1952
3616,1952
3617,1960
3618,1959
3619,1955
3620,1952
3621,1953
3622,1953
3623,1958
3624,1951
3625,1953
3626,1954
3627,1955
3628,1951
3629,1951
3630,1958
3631,1954
3632,1953
3633,1959
3634,1959
3635,1960
3636,1957
3637,1954
3638,1953
3639,1958
3640,1960
3641,1957
3642,1956
3643,1958
3644,1952
3645,1960
3646,1956
3647,1958
3648,1956
3649,1953
3650,1954
3651,1954
3652,1954
3653,1957
3654,1960
3655,1957
3656,1951
3657,1951
3658,1952
3659,1951
3660,1952
3661,1955
3662,1952
3663,1959
3664,1957
3665,1957
3666,1952
3667,1952
3668,1951
3669,1953
3670,1956
3671,1951
3672,1956
3673,1951
3674,1960
3675,1956
3676,1953
3677,1958
3678,1956
3679,1959
3680,1959
3681,1951
3682,1952
3683,1956
3684,1954
3685,1953
3686,1956
3687,1957
3688,1957
3689,1957
3690,1960
3691,1954
3692,1954
3693,1953
3694,1960
3695,1954
3696,1952
3697,1951
3698,1951
3699,1956
3700,1957
3701,1951
3702,1955
3703,1960
3704,1956
3705,1956
3706,1954
3707,1955
3708,1957
3709,1951
3710,1957
3711,1951
3712,1953
3713,1951
3714,1956
3715,1951
3716,1952
3717,1960
3718,1953
3719,1955
3720,1957
3721,1957
3722,1954
3723,1959
3724,1957
3725,1958
3726,1952
3727,1952
3728,1953
3729,1958
3730,1953
3731,1958
3732,1957
3733,1959
3734,1955
3735,1953
3736,1954
3737,1958
3738,1959
3739,1951
3740,1952
3741,1951
3742,1958
3743,1957
3744,1955
3745,1951
3746,1953
3747,1953
3748,1952
3749,1955
3750,1958
3751,1959
3752,1953
3753,1952
3754,1958
3755,1960
3756,1960
3757,1958
3758,1951
3759,1952
3760,1959
3761,1959
3762,1953
3763,1954
3764,1957
3765,1960
3766,1952
3767,1952
3768,1955
3769,1959
3770,1952
3771,1959
3772,1956
3773,1951
3774,1954
3775,1956
3776,1957
3777,1960
3778,1955
3779,1951
3780,1957
3781,1956
3782,1960
3783,1959
3784,1958
3785,1957
3786,1958
3787,1957
3788,1957
3789,1954
3790,1953
3791,1955
3792,1958
3793,1959
3794,1958
3795,1953
3796,1956
3797,1955
3798,1951
3799,1957
3800,1958
3801,1958
3802,1952
3803,1956
3804,1953
3805,1959
3806,1954
3807,1958
3808,1953
3809,1957
3810,1952
3811,1954
3812,1957
3813,1955
3814,1953
3815,1960
3816,1956
3817,1955
3818,1957
3819,1959
3820,1955
3821,1953
3822,1954
3823,1959
3824,1960
3825,1957
3826,1956
3827,1960
3828,1952
3829,1951
3830,1957
3831,1954
3832,1951
3833,1955
3834,1954
3835,1951
3836,1955
3837,1954
3838,1954
3839,1958
3840,1955
3841,1957
3842,1955
3843,1951
3844,1951
3845,1959
3846,1956
3847,1952
3848,1952
3849,1952
3850,1953
3851,1957
3852,1957
3853,1951
3854,1952
3855,1951
3856,1959
3857,1958
3858,1955
3859,1956
3860,1954
3861,1956
3862,1957
3863,1954
3864,1957
3865,1957
3866,1958
3867,1957
3868,1960
3869,1956
3870,1955
3871,1957
3872,1952
3873,1951
3874,1956
3875,1957
3876,1953
3877,1957
3878,1952
3879,1955
3880,1960
3881,1958
3882,1954
3883,1954
3884,1959
3885,1956
3886,1953
3887,1955
3888,1952
3889,1958
3890,1957
3891,1958
3892,1955
3893,1960
3894,1958
3895,1957
3896,1959
3897,1952
3898,1959
3899,1953
3900,1955
3901,1951
3902,1953
3903,1951
3904,1956
3905,1960
3906,1957
3907,1958
3908,1952
3909,1951
3910,1955
3911,1956
3912,1958
3913,1956
3914,1951
3915,1953
3916,1960
3917,1958
3918,1954
3919,1952
3920,1958
3921,1960
3922,1951
3923,1954
3924,1955
3925,1956
3926,1952
3927,1956
3928,1959
3929,1953
3930,1952
3931,1951
3932,1957
3933,1951
3934,1956
3935,1957
3936,1952
3937,1955
3938,1953
3939,1953
3940,1959
3941,1957
3942,1955
3943,1952
3944,1952
3945,1952
3946,1960
3947,1952
3948,1953
3949,1953
3950,1960
3951,1956
3952,1959
3953,1953
3954,1953
3955,1954
3956,1958
3957,1960
3958,1958
3959,1957
3960,1956
3961,1951
3962,1953
3963,1953
3964,1955
3965,1960
3966,1958
3967,1952
3968,1958
3969,1953
3970,1954
3971,1960
3972,1960
3973,1951
3974,1957
3975,1955
3976,1953
3977,1955
3978,1960
3979,1951
3980,1960
3981,1954
3982,1953
3983,1956
3984,1955
3985,1958
3986,1960
3987,1953
3988,1952
3989,1959
3990,1957
3991,1956
3992,1958
3993,1958
3994,1951
3995,1955
3996,1959
3997,1958
3998,1956
3999,1952
4000,1958
4001,1951
4002,1955
4003,1959
4004,1959
4005,1959
4006,1954
4007,1959
4008,1958
4009,1954
4010,1953
4011,1955
4012,1956
4013,1958
4014,1958
4015,1954
4016,1957
4017,1959
4018,1957
4019,1960
4020,1953
4021,1958
4022,1954
4023,1960
4024,1955
4025,1954
4026,1957
4027,1960
4028,1958
4029,1951
4030,1952
4031,1956
4032,1951
4033,1955
4034,1958
4035,1951
4036,1960
4037,1956
4038,1960
4039,1958
4040,1959
4041,1956
4042,1959
4043,1956
4044,1955
4045,1951
4046,1955
4047,1957
4048,1951
4049,1959
4050,1960
4051,1954
4052,1954
4053,1951
4054,1955
4055,1956
4056,1956
4057,1951
4058,1960
4059,1953
4060,1951
4061,1952
4062,1956
4063,1959
4064,1953
4065,1958
4066,1953
4067,1958
4068,1951
4069,1954
4070,1959
4071,1956
4072,1956
4073,1957
4074,1956
4075,1952
4076,1958
4077,1959
4078,1956
4079,1955
4080,1960
4081,1958
4082,1953
4083,1957
4084,1955
4085,1953
4086,1953
4087,1954
4088,1953
4089,1953
4090,1958
4091,1953
4092,1953
4093,1951
4094,1956
4095,1958
4096,1955
4097,1955
4098,1953
4099,1951
4100,1955
4101,1960
4102,1953
4103,1953
4104,1955
4105,1960
4106,1953
4107,1960
4108,1952
4109,1954
4110,1954
4111,1957
4112,1958
4113,1952
4114,1954
4115,1958
4116,1959
4117,1960
4118,1956
4119,1959
4120,1952
4121,1953
4122,1955
4123,1952
4124,1955
4125,1956
4126,1952
4127,1952
4128,1956
4129,1952
4130,1959
4131,1953
4132,1952
4133,1951
4134,1951
4135,1958
4136,1956
4137,1957
4138,1953
4139,1959
4140,1955
4141,1951
4142,1959
4143,1955
4144,1956
4145,1957
4146,1957
4147,1955
4148,1959
4149,1954
4150,1955
4151,1960
4152,1959
4153,1960
4154,1957
4155,1959
4156,1958
4157,1957
4158,1957
4159,1952
4160,1958
4161,1955
4162,1959
4163,1956
4164,1956
4165,1953
4166,1954
4167,1951
4168,1960
4169,1951
4170,1955
4171,1958
4172,1955
4173,1956
4174,1951
4175,1954
4176,1957
4177,1955
4178,1953
4179,1959
4180,1960
4181,1957
4182,1953
4183,1953
4184,1954
4185,1951
4186,1956
4187,1955
4188,1959
4189,1959
4190,1960
4191,1953
4192,1955
4193,1959
4194,1958
4195,1958
4196,1960
4197,1958
4198,1957
4199,1954
4200,1957
4201,1955
4202,1953
4203,1951
4204,1959
4205,1952
4206,1956
4207,1955
4208,1960
4209,1956
4210,1956
4211,1954
4212,1960
4213,1952
4214,1954
4215,1953
4216,1960
4217,1960
4218,1957
4219,1958
4220,1954
4221,1956
4222,1955
4223,1959
4224,1960
4225,1959
4226,1957
4227,1957
4228,1952
4229,1953
4230,1955
4231,1958
4232,1955
4233,1958
4234,1954
4235,1952
4236,1957
4237,1957
4238,1955
4239,1951
4240,1952
4241,1951
4242,1954
4243,1955
4244,1955
4245,1953
4246,1952
4247,1951
4248,1957
4249,1954
4250,1957
4251,1955
4252,1954
4253,1955
4254,1958
4255,1960
4256,1951
4257,1958
4258,1955
4259,1951
4260,1959
4261,1952
4262,1951
4263,1954
4264,1952
4265,1954
4266,1959
4267,1957
4268,1955
4269,1952
4270,1959
4271,1956
4272,1957
4273,1953
4274,1960
4275,1959
4276,1953
4277,1956
4278,1955
4279,1958
4280,1951
4281,1956
4282,1960
4283,1953
4284,1954
4285,1954
4286,1955
4287,1959
4288,1957
4289,1955
4290,1952
4291,1957
4292,1955
4293,1957
4294,1952
4295,1956
4296,1956
4297,1953
4298,1959
4299,1954
4300,1958
4301,1954
4302,1953
4303,1959
4304,1958
4305,1956
4306,1959
4307,1958
4308,1956
4309,1956
4310,1952
4311,1953
4312,1954
4313,1954
4314,1951
4315,1953
4316,1956
4317,1956
4318,1956
4319,1959
4320,1957
4321,1954
4322,1957
4323,1955
4324,1953
4325,1954
4326,1954
4327,1956
4328,1956
4329,1952
4330,1960
4331,1958
4332,1951
4333,1955
4334,1956
4335,1951
4336,1951
4337,1953
4338,1958
4339,1952
4340,1952
4341,1957
4342,1959
4343,1960
4344,1951
4345,1955
4346,1952
4347,1954
4348,1954
4349,1960
4350,1959
4351,1955
4352,1959
4353,1959
4354,1951
4355,1953
4356,1951
4357,1954
4358,1958
4359,1955
4360,1953
4361,1960
4362,1955
4363,1959
4364,1960
4365,1957
4366,1955
4367,1960
4368,1951
4369,1952
4370,1955
4371,1953
4372,1958
4373,1957
4374,1956
4375,1955
4376,1954
4377,1956
4378,1951
4379,1953
4380,1954
4381,1955
4382,1954
4383,1957
4384,1952
4385,1960
4386,1957
4387,1956
4388,1954
4389,1956
4390,1958
4391,1959
4392,1957
4393,1960
4394,1960
4395,1954
4396,1956
4397,1952
4398,1954
4399,1959
4400,1957
4401,1956
4402,1953
4403,1957
4404,1958
4405,1955
4406,1959
4407,1959
4408,1957
4409,1955
4410,1954
4411,1957
4412,1953
4413,1955
4414,1954
4415,1958
4416,1960
4417,1955
4418,1957
4419,1956
4420,1957
4421,1958
4422,1959
4423,1957
4424,1958
4425,1952
4426,1958
4427,1955
4428,1957
4429,1960
4430,1954
4431,1951
4432,1955
4433,1959
4434,1958
4435,1951
4436,1956
4437,1955
4438,1951
4439,1954
4440,1957
4441,1951
4442,1959
4443,1954
4444,1951
4445,1958
4446,1955
4447,1956
4448,1960
4449,1954
4450,1952
4451,1954
4452,1952
4453,1953
4454,1953
4455,1957
4456,1951
4457,1951
4458,1960
4459,1957
4460,1956
4461,1952
4462,1960
4463,1956
4464,1955
4465,1958
4466,1952
4467,1955
4468,1958
4469,1956
4470,1959
4471,1951
4472,1955
4473,1952
4474,1955
4475,1951
4476,1952
4477,1958
4478,1958
4479,1954
4480,1955
4481,1952
4482,1952
4483,1958
4484,1959
4485,1957
4486,1956
4487,1954
4488,1952
4489,1955
4490,1952
4491,1959
4492,1958
4493,1953
4494,1951
4495,1958
4496,1958
4497,1959
4498,1957
4499,1957
4500,1957
4501,1954
4502,1955
4503,1955
4504,1958
4505,1958
4506,1953
4507,1957
4508,1957
4509,1955
4510,1956
4511,1954
4512,1953
4513,1952
4514,1957
4515,1951
4516,1957
4517,1955
4518,1956
4519,1955
4520,1953
4521,1956
4522,1953
4523,1959
4524,1951
4525,1954
4526,1955
4527,1951
4528,1956
4529,1959
4530,1953
4531,1958
4532,1958
4533,1960
4534,1959
4535,1953
4536,1959
4537,1957
4538,1953
4539,1959
4540,1960
4541,1960
4542,1958
4543,1960
4544,1954
4545,1952
4546,1955
4547,1951
4548,1959
4549,1951
4550,1956
4551,1951
4552,1954
4553,1954
4554,1954
4555,1960
4556,1957
4557,1960
4558,1959
4559,1955
4560,1952
4561,1953
4562,1954
4563,1958
4564,1957
4565,1957
4566,1951
4567,1951
4568,1958
4569,1951
4570,1954
4571,1953
4572,1954
4573,1952
4574,1955
4575,1952
4576,1953
4577,1954
4578,1954
4579,1952
4580,1955
4581,1951
4582,1959
4583,1956
4584,1959
4585,1951
4586,1955
4587,1959
4588,1958
4589,1952
4590,1952
4591,1958
4592,1956
4593,1955
4594,1956
4595,1952
4596,1958
4597,1951
4598,1954
4599,1956
4600,1953
4601,1959
4602,1953
4603,1960
4604,1957
4605,1954
4606,1958
4607,1954
4608,1960
4609,1957
4610,1953
4611,1957
4612,1954
4613,1953
4614,1959
4615,1959
4616,1957
4617,1954
4618,1953
4619,1957
4620,1955
4621,1951
4622,1952
4623,1956
4624,1951
4625,1955
4626,1952
4627,1958
4628,1952
4629,1960
4630,1957
4631,1951
4632,1955
4633,1959
4634,1958
4635,1953
4636,1953
4637,1959
4638,1951
4639,1960
4640,1958
4641,1960
4642,1954
4643,1959
4644,1951
4645,1959
4646,1952
4647,1955
4648,1954
4649,1951
4650,1951
4651,1956
4652,1956
4653,1951
4654,1954
4655,1957
4656,1952
4657,1953
4658,1958
4659,1960
4660,1953
4661,1951
4662,1960
4663,1958
4664,1952
4665,1951
4666,1959
4667,1956
4668,1958
4669,1955
4670,1954
4671,1957
4672,1960
4673,1953
4674,1951
4675,1956
4676,1953
4677,1960
4678,1955
4679,1951
4680,1960
4681,1953
4682,1954
4683,1959
4684,1953
4685,1958
4686,1956
4687,1960
4688,1953
4689,1957
4690,1952
4691,1952
4692,1960
4693,1954
4694,1960
4695,1954
4696,1954
4697,1959
4698,1953
4699,1956
4700,1959
4701,1954
4702,1953
4703,1960
4704,1959
4705,1951
4706,1953
4707,1953
4708,1951
4709,1952
4710,1954
4711,1960
4712,1956
4713,1954
4714,1960
4715,1960
4716,1953
4717,1956
4718,1953
4719,1955
4720,1954
4721,1953
4722,1958
4723,1953
4724,1958
4725,1956
4726,1955
4727,1958
4728,1956
4729,1952
4730,1958
4731,1953
4732,1955
4733,1959
4734,1955
4735,1956
4736,1959
4737,1958
4738,1955
4739,1955
4740,1954
4741,1952
4742,1955
4743,1959
4744,1958
4745,1954
4746,1951
4747,1952
4748,1958
4749,1959
4750,1957
4751,1951
4752,1958
4753,1958
4754,1955
4755,1955
4756,1958
4757,1958
4758,1958
4759,1957
4760,1954
4761,1960
4762,1952
4763,1956
4764,1960
4765,1956
4766,1954
4767,1953
4768,1951
4769,1954
4770,1955
4771,1954
4772,1957
4773,1959
4774,1951
4775,1959
4776,1956
4777,1959
4778,1957
4779,1959
4780,1953
4781,1958
4782,1959
4783,1957
4784,1954
4785,1955
4786,1957
4787,1956
4788,1954
4789,1960
4790,1955
4791,1959
4792,1958
4793,1959
4794,1951
4795,1956
4796,1952
4797,1960
4798,1959
4799,1958
4800,1956
4801,1958
4802,1960
4803,1951
4804,1953
4805,1956
4806,1956
4807,1951
4808,1957
4809,1959
4810,1957
4811,1960
4812,1951
4813,1952
4814,1960
4815,1960
4816,1960
4817,1957
4818,1958
4819,1956
4820,1951
4821,1952
4822,1954
4823,1959
4824,1953
4825,1951
4826,1956
4827,1958
4828,1953
4829,1951
4830,1953
4831,1951
4832,1951
4833,1960
4834,1956
4835,1955
4836,1951
4837,1957
4838,1952
4839,1953
4840,1951
4841,1955
4842,1951
4843,1952
4844,1959
4845,1953
4846,1960
4847,1957
4848,1951
4849,1953
4850,1951
4851,1952
4852,1956
4853,1960
4854,1953
4855,1955
4856,1957
4857,1959
4858,1956
4859,1959
4860,1955
4861,1958
4862,1960
4863,1954
4864,1951
4865,1959
4866,1954
4867,1957
4868,1951
4869,1960
4870,1954
4871,1960
4872,1956
4873,1959
4874,1954
4875,1957
4876,1954
4877,1951
4878,1955
4879,1951
4880,1951
4881,1951
4882,1951
4883,1958
4884,1955
4885,1954
4886,1958
4887,1959
4888,1959
4889,1951
4890,1960
4891,1953
4892,1958
4893,1957
4894,1956
4895,1951
4896,1958
4897,1959
4898,1956
4899,1959
4900,1957
4901,1956
4902,1953
4903,1957
4904,1953
4905,1954
4906,1957
4907,1953
4908,1955
4909,1959
4910,1958
4911,1959
4912,1956
4913,1960
4914,1958
4915,1953
4916,1955
4917,1953
4918,1951
4919,1955
4920,1955
4921,1960
4922,1960
4923,1959
4924,1958
4925,1956
4926,1958
4927,1959
4928,1959
4929,1960
4930,1954
4931,1956
4932,1953
4933,1956
4934,1953
4935,1956
4936,1954
4937,1957
4938,1954
4939,1952
4940,1955
4941,1958
4942,1952
4943,1959
4944,1954
4945,1956
4946,1956
4947,1953
4948,1958
4949,1960
4950,1955
4951,1956
4952,1954
4953,1953
4954,1958
4955,1960
4956,1958
4957,1954
4958,1955
4959,1956
4960,1957
4961,1951
4962,1952
4963,1951
4964,1957
4965,1952
4966,1958
4967,1956
4968,1954
4969,1951
4970,1951
4971,1956
4972,1955
4973,1958
4974,1953
4975,1953
4976,1957
4977,1959
4978,1957
4979,1955
4980,1955
4981,1952
4982,1954
4983,1960
4984,1957
4985,1954
4986,1957
4987,1956
4988,1957
4989,1953
4990,1955
4991,1954
4992,1959
4993,1958
4994,1956
4995,1957
4996,1951
4997,1957
4998,1960
4999,1959
5000,1958
5001,1953
5002,1960
5003,1958
5004,1954
5005,1952
5006,1952
5007,1959
5008,1956
5009,1956
5010,1955
5011,1952
5012,1958
5013,1959
5014,1955
5015,1956
5016,1957
5017,1958
5018,1960
5019,1951
5020,1955
5021,1958
5022,1954
5023,1958
5024,1951
5025,1957
5026,1957
5027,1952
5028,1954
5029,1959
5030,1956
5031,1951
5032,1958
5033,1958
5034,1954
5035,1959
5036,1958
5037,1960
5038,1952
5039,1959
5040,1951
5041,1951
5042,1956
5043,1954
5044,1953
5045,1951
5046,1951
5047,1959
5048,1959
5049,1958
5050,1958
5051,1956
5052,1953
5053,1952
5054,1959
5055,1954
5056,1954
5057,1954
5058,1958
5059,1959
5060,1954
5061,1958
5062,1958
5063,1952
5064,1951
5065,1956
5066,1954
5067,1954
5068,1960
5069,1959
5070,1952
5071,1954
5072,1960
5073,1956
5074,1960
5075,1955
5076,1960
5077,1951
5078,1952
5079,1958
5080,1954
5081,1955
5082,1957
5083,1955
5084,1956
5085,1959
5086,1956
5087,1959
5088,1956
5089,1954
5090,1959
5091,1960
5092,1953
5093,1955
5094,1958
5095,1956
5096,1956
5097,1960
5098,1953
5099,1953
5100,1957
5101,1956
5102,1960
5103,1951
5104,1951
5105,1957
5106,1959
5107,1958
5108,1956
5109,1960
5110,1954
5111,1953
5112,1951
5113,1952
5114,1952
5115,1959
5116,1955
5117,1956
5118,1960
5119,1952
5120,1955
5121,1951
5122,1951
5123,1959
5124,1960
5125,1954
5126,1957
5127,1952
5128,1955
5129,1960
5130,1957
5131,1957
5132,1959
5133,1960
5134,1952
5135,1951
5136,1953
5137,1959
5138,1952
5139,1958
5140,1958
5141,1956
5142,1951
5143,1954
5144,1956
5145,1960
5146,1958
5147,1956
5148,1952
5149,1956
5150,1951
5151,1958
5152,1952
5153,1951
5154,1953
5155,1952
5156,1952
5157,1951
5158,1958
5159,1956
5160,1953
5161,1959
5162,1960
5163,1953
5164,1957
5165,1953
5166,1957
5167,1957
5168,1951
5169,1952
5170,1951
5171,1957
5172,1958
5173,1957
5174,1956
5175,1955
5176,1953
5177,1953
5178,1953
5179,1960
5180,1955
5181,1957
5182,1960
5183,1953
5184,1955
5185,1955
5186,1956
5187,1954
5188,1957
5189,1956
5190,1960
5191,1953
5192,1957
5193,1951
5194,1955
5195,1957
5196,1960
5197,1960
5198,1959
5199,1960
5200,1954
5201,1959
5202,1958
5203,1955
5204,1959
5205,1958
5206,1954
5207,1952
5208,1953
5209,1956
5210,1952
5211,1957
5212,1956
5213,1952
5214,1956
5215,1954
5216,1956
5217,1957
5218,1960
5219,1953
5220,1956
5221,1958
5222,1953
5223,1959
5224,1957
5225,1956
5226,1958
5227,1955
5228,1954
5229,1951
5230,1959
5231,1956
5232,1955
5233,1951
5234,1958
5235,1952
5236,1957
5237,1956
5238,1960
5239,1953
5240,1959
5241,1953
5242,1956
5243,1953
5244,1954
5245,1956
5246,1954
5247,1953
5248,1960
5249,1958
5250,1956
5251,1951
5252,1959
5253,1958
5254,1951
5255,1955
5256,1960
5257,1952
5258,1959
5259,1952
5260,1960
5261,1960
5262,1956
5263,1953
5264,1960
5265,1951
5266,1959
5267,1952
5268,1959
5269,1960
5270,1957
5271,1954
5272,1952
5273,1955
5274,1960
5275,1955
5276,1959
5277,1955
5278,1953
5279,1955
5280,1960
5281,1957
5282,1953
5283,1954
5284,1957
5285,1955
5286,1958
5287,1955
5288,1956
5289,1952
5290,1960
5291,1956
5292,1959
5293,1959
5294,1952
5295,1951
5296,1955
5297,1953
5298,1960
5299,1956
5300,1952
5301,1959
5302,1951
5303,1952
5304,1953
5305,1951
5306,1952
5307,1956
5308,1951
5309,1954
5310,1953
5311,1952
5312,1952
5313,1960
5314,1954
5315,1956
5316,1957
5317,1960
5318,1954
5319,1959
5320,1960
5321,1955
5322,1957
5323,1953
5324,1954
5325,1951
5326,1956
5327,1957
5328,1953
5329,1959
5330,1960
5331,1960
5332,1959
5333,1960
5334,1957
5335,1960
5336,1956
5337,1951
5338,1955
5339,1954
5340,1956
5341,1954
5342,1953
5343,1960
5344,1960
5345,1953
5346,1960
5347,1955
5348,1957
5349,1951
5350,1955
5351,1956
5352,1953
5353,1960
5354,1960
5355,1953
5356,1960
5357,1954
5358,1951
5359,1953
5360,1957
5361,1958
5362,1959
5363,1956
5364,1957
5365,1957
5366,1955
5367,1960
5368,1955
5369,1957
5370,1953
5371,1957
5372,1957
5373,1960
5374,1951
5375,1954
5376,1957
5377,1955
5378,1953
5379,1954
5380,1957
5381,1957
5382,1960
5383,1954
5384,1953
5385,1958
5386,1953
5387,1957
5388,1951
5389,1951
5390,1952
5391,1952
5392,1960
5393,1953
5394,1951
5395,1952
5396,1958
5397,1955
5398,1958
5399,1960
5400,1960
5401,1952
5402,1960
5403,1952
5404,1951
5405,1960
5406,1953
5407,1954
5408,1953
5409,1953
5410,1960
5411,1952
5412,1952
5413,1954
5414,1960
5415,1955
5416,1951
5417,1958
5418,1959
5419,1956
5420,1959
5421,1952
5422,1951
5423,1960
5424,1960
5425,1952
5426,1957
5427,1960
5428,1956
5429,1951
5430,1959
5431,1959
5432,1958
5433,1956
5434,1952
5435,1959
5436,1956
5437,1956
5438,1951
5439,1958
5440,1960
5441,1953
5442,1958
5443,1958
5444,1953
5445,1960
5446,1959
5447,1957
5448,1960
5449,1956
5450,1952
5451,1955
5452,1960
5453,1954
5454,1956
5455,1951
5456,1954
5457,1956
5458,1951
5459,1951
5460,1952
5461,1951
5462,1959
5463,1959
5464,1959
5465,1956
5466,1954
5467,1960
5468,1959
5469,1955
5470,1956
5471,1957
5472,1956
5473,1953
5474,1960
5475,1958
5476,1951
5477,1959
5478,1951
5479,1960
5480,1956
5481,1951
5482,1960
5483,1954
5484,1953
5485,1951
5486,1951
5487,1952
5488,1960
5489,1957
5490,1955
5491,1954
5492,1952
5493,1955
5494,1960
5495,1956
5496,1951
5497,1960
5498,1952
5499,1954
5500,1955
5501,1952
5502,1959
5503,1952
5504,1954
5505,1958
5506,1960
5507,1958
5508,1958
5509,1960
5510,1951
5511,1953
5512,1957
5513,1954
5514,1954
5515,1959
5516,1955
5517,1951
5518,1959
5519,1954
5520,1953
5521,1953
5522,1952
5523,1957
5524,1955
5525,1953
5526,1956
5527,1954
5528,1959
5529,1953
5530,1955
5531,1955
5532,1958
5533,1952
5534,1959
5535,1960
5536,1960
5537,1960
5538,1953
5539,1954
5540,1957
5541,1960
5542,1954
5543,1960
5544,1952
5545,1958
5546,1960
5547,1953
5548,1955
5549,1956
5550,1954
5551,1960
5552,1956
5553,1957
5554,1956
5555,1955
5556,1956
5557,1958
5558,1955
5559,1958
5560,1957
5561,1951
5562,1951
5563,1953
5564,1959
5565,1960
5566,1956
5567,1953
5568,1959
5569,1954
5570,1957
5571,1955
5572,1955
5573,1956
5574,1960
5575,1958
5576,1952
5577,1951
5578,1951
5579,1952
5580,1956
5581,1956
5582,1956
5583,1951
5584,1958
5585,1957
5586,1960
5587,1956
5588,1959
5589,1954
5590,1953
5591,1956
5592,1958
5593,1953
5594,1955
5595,1954
5596,1959
5597,1955
5598,1957
5599,1952
5600,1954
5601,1958
5602,1959
5603,1954
5604,1952
5605,1953
5606,1954
5607,1956
5608,1955
5609,1953
5610,1953
5611,1956
5612,1953
5613,1960
5614,1959
5615,1953
5616,1951
5617,1954
5618,1954
5619,1954
5620,1958
5621,1959
5622,1959
5623,1960
5624,1952
5625,1960
5626,1952
5627,1958
5628,1953
5629,1953
5630,1959
5631,1960
5632,1958
5633,1952
5634,1953
5635,1956
5636,1955
5637,1951
5638,1959
5639,1956
5640,1958
5641,1959
5642,1956
5643,1953
5644,1958
5645,1959
5646,1958
5647,1959
5648,1959
5649,1951
5650,1953
5651,1959
5652,1956
5653,1957
5654,1959
5655,1953
5656,1956
5657,1957
5658,1952
5659,1954
5660,1957
5661,1957
5662,1959
5663,1951
5664,1951
5665,1959
5666,1957
5667,1956
5668,1959
5669,1954
5670,1959
5671,1952
5672,1957
5673,1951
5674,1959
5675,1960
5676,1952
5677,1957
5678,1958
5679,1957
5680,1953
5681,1956
5682,1957
5683,1956
5684,1955
5685,1951
5686,1957
5687,1955
5688,1955
5689,1959
5690,1954
5691,1954
5692,1951
5693,1955
5694,1954
5695,1954
5696,1958
5697,1960
5698,1958
5699,1958
5700,1953
5701,1956
5702,1954
5703,1959
5704,1959
5705,1956
5706,1959
5707,1955
5708,1954
5709,1951
5710,1951
5711,1951
5712,1953
5713,1954
5714,1951
5715,1955
5716,1954
5717,1953
5718,1960
5719,1955
5720,1951
5721,1960
5722,1957
5723,1959
5724,1957
5725,1956
5726,1953
5727,1955
5728,1951
5729,1959
5730,1956
5731,1955
5732,1957
5733,1957
5734,1958
5735,1954
5736,1952
5737,1954
5738,1953
5739,1960
5740,1951
5741,1955
5742,1951
5743,1959
5744,1953
5745,1951
5746,1958
5747,1952
5748,1959
5749,1955
5750,1960
5751,1957
5752,1960
5753,1952
5754,1957
5755,1957
5756,1958
5757,1956
5758,1951
5759,1960
5760,1958
5761,1952
5762,1957
5763,1955
5764,1952
5765,1954
5766,1954
5767,1955
5768,1957
5769,1952
5770,1953
5771,1954
5772,1960
5773,1955
5774,1957
5775,1952
5776,1960
5777,1951
5778,1959
5779,1959
5780,1957
5781,1959
5782,1960
5783,1954
5784,1960
5785,1957
5786,1952
5787,1951
5788,1957
5789,1956
5790,1956
5791,1957
5792,1957
5793,1954
5794,1956
5795,1958
5796,1954
5797,1956
5798,1958
5799,1960
5800,1954
5801,1952
5802,1956
5803,1957
5804,1957
5805,1960
5806,1951
5807,1960
5808,1958
5809,1951
5810,1960
5811,1953
5812,1954
5813,1952
5814,1951
5815,1953
5816,1951
5817,1958
5818,1956
5819,1955
5820,1952
5821,1952
5822,1951
5823,1960
5824,1951
5825,1959
5826,1952
5827,1951
5828,1956
5829,1954
5830,1953
5831,1960
5832,1958
5833,1952
5834,1955
5835,1959
5836,1958
5837,1953
5838,1957
5839,1955
5840,1958
5841,1956
5842,1955
5843,1960
5844,1960
5845,1952
5846,1956
5847,1960
5848,1954
5849,1958
5850,1953
5851,1956
5852,1954
5853,1955
5854,1955
5855,1953
5856,1957
5857,1956
5858,1955
5859,1958
5860,1953
5861,1952
5862,1956
5863,1958
5864,1956
5865,1952
5866,1953
5867,1956
5868,1957
5869,1955
5870,1957
5871,1959
5872,1952
5873,1959
5874,1955
5875,1956
5876,1954
5877,1960
5878,1955
5879,1955
5880,1958
5881,1955
5882,1957
5883,1954
5884,1953
5885,1955
5886,1960
5887,1952
5888,1959
5889,1951
5890,1959
5891,1958
5892,1955
5893,1958
5894,1952
5895,1955
5896,1951
5897,1958
5898,1959
5899,1952
5900,1951
5901,1957
5902,1956
5903,1951
5904,1954
5905,1957
5906,1955
5907,1953
5908,1952
5909,1957
5910,1955
5911,1953
5912,1955
5913,1958
5914,1959
5915,1957
5916,1957
5917,1952
5918,1956
5919,1955
5920,1954
5921,1955
5922,1960
5923,1955
5924,1951
5925,1960
5926,1958
5927,1956
5928,1956
5929,1954
5930,1958
5931,1956
5932,1957
5933,1960
5934,1958
5935,1953
5936,1952
5937,1957
5938,1951
5939,1960
5940,1958
5941,1953
5942,1958
5943,1954
5944,1953
5945,1951
5946,1955
5947,1960
5948,1958
5949,1958
5950,1958
5951,1951
5952,1951
5953,1951
5954,1958
5955,1953
5956,1953
5957,1959
5958,1957
5959,1956
5960,1951
5961,1953
5962,1958
5963,1959
5964,1955
5965,1959
5966,1951
5967,1956
5968,1958
5969,1952
5970,1954
5971,1960
5972,1954
5973,1953
5974,1952
5975,1955
5976,1960
5977,1952
5978,1954
5979,1958
5980,1954
5981,1954
5982,1952
5983,1955
5984,1954
5985,1958
5986,1955
5987,1957
5988,1953
5989,1957
5990,1951
5991,1951
5992,1960
5993,1956
5994,1959
5995,1953
5996,1951
5997,1951
5998,1954
5999,1951
6000,1956
6001,1957
6002,1960
6003,1953
6004,1951
6005,1951
6006,1956
6007,1960
6008,1956
6009,1951
6010,1960
6011,1955
6012,1954
6013,1959
6014,1952
6015,1958
6016,1955
6017,1958
6018,1953
6019,1954
6020,1952
6021,1960
6022,1958
6023,1955
6024,1955
6025,1957
6026,1958
6027,1955
6028,1956
6029,1953
6030,1960
6031,1959
6032,1957
6033,1958
6034,1955
6035,1951
6036,1956
6037,1957
6038,1958
6039,1953
6040,1955
6041,1955
6042,1955
6043,1960
6044,1956
6045,1956
6046,1952
6047,1958
6048,1957
6049,1953
6050,1955
6051,1958
6052,1960
6053,1954
6054,1952
6055,1957
6056,1952
6057,1958
6058,1953
6059,1953
6060,1955
6061,1954
6062,1952
6063,1954
6064,1956
6065,1955
6066,1958
6067,1957
6068,1957
6069,1955
6070,1960
6071,1955
6072,1952
6073,1955
6074,1959
6075,1951
6076,1956
6077,1959
6078,1951
6079,1953
6080,1953
6081,1953
6082,1959
6083,1955
6084,1952
6085,1958
6086,1959
6087,1951
6088,1960
6089,1954
6090,1954
6091,1955
6092,1953
6093,1951
6094,1957
6095,1951
6096,1954
6097,1955
6098,1956
6099,1953
6100,1951
6101,1959
6102,1957
6103,1952
6104,1954
6105,1960
6106,1957
6107,1957
6108,1952
6109,1959
6110,1954
6111,1957
6112,1959
6113,1960
6114,1951
6115,1954
6116,1952
6117,1954
6118,1956
6119,1954
6120,1953
6121,1955
6122,1956
6123,1955
6124,1952
6125,1957
6126,1957
6127,1953
6128,1956
6129,1952
6130,1954
6131,1954
6132,1952
6133,1958
6134,1957
6135,1955
6136,1954
6137,1953
6138,1954
6139,1956
6140,1952
6141,1957
6142,1952
6143,1958
6144,1954
6145,1954
6146,1954
6147,1956
6148,1960
6149,1958
6150,1952
6151,1954
6152,1960
6153,1960
6154,1953
6155,1958
6156,1955
6157,1955
6158,1954
6159,1954
6160,1954
6161,1953
6162,1953
6163,1951
6164,1956
6165,1954
6166,1953
6167,1951
6168,1958
6169,1957
6170,1958
6171,1955
6172,1953
6173,1957
6174,1952
6175,1959
6176,1952
6177,1957
6178,1956
6179,1951
6180,1956
6181,1958
6182,1959
6183,1959
6184,1959
6185,1955
6186,1956
6187,1957
6188,1955
6189,1955
6190,1951
6191,1952
6192,1955
6193,1960
6194,1951
6195,1953
6196,1952
6197,1956
6198,1959
6199,1959
6200,1955
6201,1954
6202,1953
6203,1955
6204,1960
6205,1957
6206,1960
6207,1958
6208,1953
6209,1956
6210,1959
6211,1953
6212,1956
6213,1953
6214,1953
6215,1958
6216,1956
6217,1956
6218,1959
6219,1953
6220,1953
6221,1954
6222,1955
6223,1959
6224,1951
6225,1958
6226,1959
6227,1952
6228,1952
6229,1951
6230,1951
6231,1952
6232,1954
6233,1958
6234,1955
6235,1958
6236,1960
6237,1955
6238,1958
6239,1952
6240,1959
6241,1951
6242,1953
6243,1957
6244,1959
6245,1959
6246,1957
6247,1956
6248,1951
6249,1951
6250,1958
6251,1955
6252,1960
6253,1960
6254,1952
6255,1954
6256,1952
6257,1953
6258,1958
6259,1959
6260,1951
6261,1956
6262,1957
6263,1956
6264,1957
6265,1956
6266,1951
6267,1959
6268,1958
6269,1955
6270,1957
6271,1955
6272,1954
6273,1959
6274,1952
6275,1952
6276,1956
6277,1957
6278,1951
6279,1959
6280,1960
6281,1954
6282,1957
6283,1952
6284,1952
6285,1954
6286,1955
6287,1955
6288,1959
6289,1960
6290,1952
6291,1959
6292,1955
6293,1951
6294,1958
6295,1952
6296,1956
6297,1954
6298,1956
6299,1956
6300,1955
6301,1952
6302,1953
6303,1959
6304,1959
6305,1956
6306,1959
6307,1951
6308,1957
6309,1960
6310,1958
6311,1960
6312,1951
6313,1951
6314,1956
6315,1957
6316,1957
6317,1957
6318,1957
6319,1960
6320,1955
6321,1953
6322,1960
6323,1955
6324,1955
6325,1956
6326,1954
6327,1954
6328,1959
6329,1958
6330,1957
6331,1959
6332,1951
6333,1955
6334,1960
6335,1959
6336,1954
6337,1955
6338,1960
6339,1960
6340,1953
6341,1951
6342,1959
6343,1958
6344,1960
6345,1952
6346,1960
6347,1958
6348,1953
6349,1953
6350,1951
6351,1955
6352,1953
6353,1955
6354,1955
6355,1951
6356,1959
6357,1960
6358,1959
6359,1956
6360,1957
6361,1952
6362,1951
6363,1951
6364,1955
6365,1952
6366,1953
6367,1954
6368,1952
6369,1953
6370,1954
6371,1959
6372,1951
6373,1959
6374,1951
6375,1957
6376,1955
6377,1956
6378,1959
6379,1957
6380,1957
6381,1951
6382,1955
6383,1955
6384,1959
6385,1958
6386,1957
6387,1959
6388,1959
6389,1960
6390,1956
6391,1951
6392,1959
6393,1952
6394,1953
6395,1951
6396,1958
6397,1953
6398,1960
6399,1958
6400,1956
6401,1957
6402,1955
6403,1952
6404,1953
6405,1960
6406,1952
6407,1957
6408,1960
6409,1960
6410,1953
6411,1960
6412,1954
6413,1960
6414,1953
6415,1952
6416,1954
6417,1953
6418,1951
6419,1958
6420,1958
6421,1954
6422,1953
6423,1960
6424,1952
6425,1952
6426,1951
6427,1957
6428,1960
6429,1958
6430,1953
6431,1951
6432,1954
6433,1954
6434,1955
6435,1951
6436,1957
6437,1953
6438,1954
6439,1954
6440,1957
6441,1953
6442,1952
6443,1954
6444,1958
6445,1956
6446,1952
6447,1960
6448,1959
6449,1954
6450,1955
6451,1955
6452,1953
6453,1953
6454,1957
6455,1956
6456,1951
6457,1956
6458,1957
6459,1959
6460,1959
6461,1955
6462,1954
6463,1956
6464,1957
6465,1956
6466,1954
6467,1956
6468,1960
6469,1960
6470,1951
6471,1954
6472,1959
6473,1960
6474,1952
6475,1952
6476,1951
6477,1959
6478,1957
6479,1953
6480,1952
6481,1960
6482,1952
6483,1960
6484,1955
6485,1952
6486,1953
6487,1954
6488,1952
6489,1953
6490,1958
6491,1959
6492,1952
6493,1951
6494,1956
6495,1954
6496,1960
6497,1957
6498,1955
6499,1959
6500,1951
6501,1951
6502,1951
6503,1952
6504,1953
6505,1957
6506,1951
6507,1959
6508,1956
6509,1957
6510,1951
6511,1960
6512,1951
6513,1957
6514,1954
6515,1956
6516,1955
6517,1960
6518,1957
6519,1951
6520,1958
6521,1960
6522,1952
6523,1952
6524,1952
6525,1951
6526,1955
6527,1959
6528,1953
6529,1953
6530,1958
6531,1958
6532,1955
6533,1959
6534,1959
6535,1958
6536,1956
6537,1953
6538,1960
6539,1957
6540,1960
6541,1952
6542,1955
6543,1955
6544,1955
6545,1952
6546,1957
6547,1954
6548,1951
6549,1955
6550,1958
6551,1956
6552,1956
6553,1953
6554,1955
6555,1951
6556,1959
6557,1953
6558,1951
6559,1952
6560,1956
6561,1956
6562,1959
6563,1951
6564,1958
6565,1958
6566,1953
6567,1960
6568,1959
6569,1959
6570,1952
6571,1957
6572,1960
6573,1956
6574,1952
6575,1960
6576,1960
6577,1956
6578,1959
6579,1958
6580,1958
6581,1951
6582,1951
6583,1954
6584,1952
6585,1951
6586,1952
6587,1957
6588,1958
6589,1951
6590,1955
6591,1959
6592,1956
6593,1956
6594,1958
6595,1954
6596,1956
6597,1959
6598,1959
6599,1959
6600,1957
6601,1953
6602,1958
6603,1951
6604,1960
6605,1958
6606,1953
6607,1951
6608,1953
6609,1956
6610,1952
6611,1954
6612,1952
6613,1957
6614,1957
6615,1952
6616,1955
6617,1959
6618,1953
6619,1959
6620,1955
6621,1956
6622,1952
6623,1956
6624,1957
6625,1953
6626,1957
6627,1951
6628,1956
6629,1958
6630,1957
6631,1952
6632,1955
6633,1960
6634,1952
6635,1957
6636,1952
6637,1959
6638,1956
6639,1951
6640,1955
6641,1956
6642,1960
6643,1952
6644,1954
6645,1951
6646,1952
6647,1951
6648,1952
6649,1960
6650,1953
6651,1957
6652,1957
6653,1953
6654,1960
6655,1954
6656,1960
6657,1952
6658,1955
6659,1952
6660,1954
6661,1957
6662,1953
6663,1952
6664,1957
6665,1958
6666,1951
6667,1951
6668,1955
6669,1959
6670,1956
6671,1958
6672,1954
6673,1957
6674,1951
6675,1951
6676,1956
6677,1960
6678,1955
6679,1959
6680,1953
6681,1953
6682,1959
6683,1957
6684,1959
6685,1957
6686,1960
6687,1954
6688,1960
6689,1960
6690,1957
6691,1951
6692,1959
6693,1956
6694,1954
6695,1958
6696,1952
6697,1951
6698,1960
6699,1953
6700,1951
6701,1954
6702,1953
6703,1952
6704,1954
6705,1955
6706,1958
6707,1952
6708,1953
6709,1952
6710,1952
6711,1957
6712,1955
6713,1955
6714,1955
6715,1958
6716,1951
6717,1954
6718,1956
6719,1958
6720,1959
6721,1960
6722,1951
6723,1955
6724,1958
6725,1956
6726,1958
6727,1953
6728,1952
6729,1953
6730,1956
6731,1958
6732,1957
6733,1953
6734,1960
6735,1953
6736,1952
6737,1959
6738,1954
6739,1960
6740,1954
6741,1955
6742,1959
6743,1954
6744,1953
6745,1958
6746,1951
6747,1959
6748,1958
6749,1952
6750,1952
6751,1953
6752,1953
6753,1958
6754,1955
6755,1951
6756,1954
6757,1951
6758,1952
6759,1954
6760,1958
6761,1957
6762,1952
6763,1953
6764,1952
6765,1955
6766,1958
6767,1952
6768,1959
6769,1957
6770,1959
6771,1960
6772,1954
6773,1956
6774,1959
6775,1956
6776,1955
6777,1958
6778,1951
6779,1958
6780,1957
6781,1960
6782,1954
6783,1951
6784,1957
6785,1956
6786,1956
6787,1960
6788,1954
6789,1953
6790,1954
6791,1957
6792,1955
6793,1955
6794,1952
6795,1951
6796,1958
6797,1960
6798,1951
6799,1955
6800,1955
6801,1960
6802,1956
6803,1955
6804,1951
6805,1955
6806,1955
6807,1957
6808,1959
6809,1955
6810,1953
6811,1954
6812,1952
6813,1960
6814,1956
6815,1957
6816,1951
6817,1955
6818,1951
6819,1959
6820,1954
6821,1959
6822,1953
6823,1956
6824,1960
6825,1951
6826,1957
6827,1954
6828,1956
6829,1951
6830,1959
6831,1953
6832,1954
6833,1954
6834,1951
6835,1951
6836,1955
6837,1955
6838,1956
6839,1960
6840,1952
6841,1951
6842,1956
6843,1955
6844,1954
6845,1955
6846,1958
6847,1954
6848,1958
6849,1958
6850,1953
6851,1960
6852,1957
6853,1952
6854,1953
6855,1955
6856,1952
6857,1954
6858,1955
6859,1953
6860,1955
6861,1952
6862,1953
6863,1951
6864,1953
6865,1953
6866,1957
6867,1951
6868,1958
6869,1952
6870,1954
6871,1957
6872,1959
6873,1953
6874,1952
6875,1959
6876,1955
6877,1956
6878,1960
6879,1954
6880,1953
6881,1954
6882,1957
6883,1960
6884,1956
6885,1959
6886,1955
6887,1955
6888,1956
6889,1951
6890,1957
6891,1953
6892,1958
6893,1953
6894,1951
6895,1955
6896,1958
6897,1953
6898,1952
6899,1959
6900,1955
6901,1952
6902,1951
6903,1951
6904,1960
6905,1955
6906,1957
6907,1955
6908,1958
6909,1955
6910,1955
6911,1960
6912,1956
6913,1956
6914,1960
6915,1951
6916,1954
6917,1952
6918,1953
6919,1956
6920,1951
6921,1951
6922,1952
6923,1958
6924,1953
6925,1955
6926,1955
6927,1954
6928,1955
6929,1960
6930,1956
6931,1957
6932,1957
6933,1953
6934,1952
6935,1955
6936,1957
6937,1960
6938,1959
6939,1952
6940,1957
6941,1954
6942,1953
6943,1955
6944,1952
6945,1960
6946,1955
6947,1953
6948,1958
6949,1952
6950,1955
6951,1951
6952,1954
6953,1954
6954,1955
6955,1956
6956,1955
6957,1955
6958,1956
6959,1955
6960,1952
6961,1955
6962,1953
6963,1952
6964,1953
6965,1951
6966,1959
6967,1954
6968,1952
6969,1953
6970,1957
6971,1958
6972,1955
6973,1958
6974,1959
6975,1953
6976,1952
6977,1960
6978,1957
6979,1956
6980,1954
6981,1957
6982,1955
6983,1960
6984,1960
6985,1958
6986,1956
6987,1959
6988,1960
6989,1953
6990,1954
6991,1955
6992,1957
6993,1953
6994,1958
6995,1951
6996,1956
6997,1960
6998,1952
6999,1951
7000,1956
7001,1959
7002,1951
7003,1955
7004,1960
7005,1957
7006,1957
7007,1953
7008,1957
7009,1953
7010,1952
7011,1957
7012,1960
7013,1952
7014,1955
7015,1952
7016,1956
7017,1952
7018,1958
7019,1951
7020,1955
7021,1953
7022,1959
7023,1955
7024,1953
7025,1958
7026,1956
7027,1954
7028,1952
7029,1959
7030,1957
7031,1959
7032,1955
7033,1960
7034,1951
7035,1953
7036,1956
7037,1953
7038,1951
7039,1955
7040,1951
7041,1951
7042,1956
7043,1952
7044,1960
7045,1957
7046,1952
7047,1957
7048,1958
7049,1953
7050,1957
7051,1957
7052,1952
7053,1959
7054,1951
7055,1955
7056,1951
7057,1954
7058,1958
7059,1954
7060,1951
7061,1960
7062,1951
7063,1954
7064,1957
7065,1956
7066,1959
7067,1955
7068,1958
7069,1951
7070,1960
7071,1953
7072,1953
7073,1951
7074,1953
7075,1954
7076,1957
7077,1959
7078,1958
7079,1958
7080,1951
7081,1955
7082,1953
7083,1958
7084,1953
7085,1952
7086,1958
7087,1955
7088,1960
7089,1951
7090,1952
7091,1957
7092,1954
7093,1951
7094,1958
7095,1954
7096,1956
7097,1959
7098,1956
7099,1952
7100,1952
7101,1957
7102,1956
7103,1956
7104,1952
7105,1960
7106,1953
7107,1958
7108,1958
7109,1959
7110,1952
7111,1953
7112,1957
7113,1952
7114,1960
7115,1955
7116,1955
7117,1953
7118,1958
7119,1952
7120,1952
7121,1960
7122,1956
7123,1958
7124,1960
7125,1957
7126,1953
7127,1956
7128,1959
7129,1959
7130,1955
7131,1954
7132,1956
7133,1955
7134,1954
7135,1953
7136,1955
7137,1958
7138,1951
7139,1955
7140,1960
7141,1953
7142,1958
7143,1957
7144,1960
7145,1957
7146,1951
7147,1960
7148,1956
7149,1959
7150,1952
7151,1955
7152,1955
7153,1958
7154,1955
7155,1955
7156,1959
7157,1953
7158,1958
7159,1957
7160,1951
7161,1954
7162,1959
7163,1952
7164,1957
7165,1957
7166,1956
7167,1960
7168,1959
7169,1953
7170,1954
7171,1958
7172,1957
7173,1959
7174,1951
7175,1954
7176,1955
7177,1952
7178,1956
7179,1959
7180,1959
7181,1957
7182,1960
7183,1955
7184,1953
7185,1960
7186,1955
7187,1956
7188,1951
7189,1959
7190,1951
7191,1954
7192,1958
7193,1951
7194,1951
7195,1958
7196,1959
7197,1954
7198,1954
7199,1952
7200,1953
7201,1951
7202,1959
7203,1957
7204,1957
7205,1959
7206,1954
7207,1958
7208,1960
7209,1957
7210,1959
7211,1954
7212,1957
7213,1959
7214,1957
7215,1953
7216,1955
7217,1958
7218,1953
7219,1956
7220,1957
7221,1957
7222,1954
7223,1952
7224,1957
7225,1957
7226,1957
7227,1954
7228,1952
7229,1958
7230,1958
7231,1959
7232,1960
7233,1954
7234,1958
7235,1958
7236,1960
7237,1953
7238,1960
7239,1956
7240,1957
7241,1956
7242,1959
7243,1959
7244,1954
7245,1958
7246,1958
7247,1953
7248,1959
7249,1956
7250,1957
7251,1951
7252,1955
7253,1954
7254,1952
7255,1956
7256,1951
7257,1953
7258,1954
7259,1959
7260,1955
7261,1954
7262,1960
7263,1951
7264,1956
7265,1954
7266,1958
7267,1957
7268,1959
7269,1952
7270,1951
7271,1956
7272,1958
7273,1959
7274,1951
7275,1952
7276,1951
7277,1958
7278,1958
7279,1953
7280,1956
7281,1952
7282,1953
7283,1951
7284,1954
7285,1960
7286,1952
7287,1957
7288,1959
7289,1954
7290,1960
7291,1960
7292,1951
7293,1957
7294,1951
7295,1959
7296,1951
7297,1959
7298,1954
7299,1952
7300,1954
7301,1957
7302,1954
7303,1955
7304,1955
7305,1954
7306,1952
7307,1951
7308,1958
7309,1957
7310,1960
7311,1951
7312,1951
7313,1958
7314,1960
7315,1953
7316,1956
7317,1951
7318,1958
7319,1955
7320,1953
7321,1953
7322,1954
7323,1956
7324,1959
7325,1960
7326,1953
7327,1960
7328,1954
7329,1951
7330,1958
7331,1954
7332,1952
7333,1953
7334,1952
7335,1957
7336,1955
7337,1951
7338,1959
7339,1954
7340,1951
7341,1959
7342,1952
7343,1959
7344,1959
7345,1951
7346,1952
7347,1955
7348,1951
7349,1956
7350,1953
7351,1957
7352,1952
7353,1951
7354,1960
7355,1958
7356,1956
7357,1951
7358,1954
7359,1951
7360,1960
7361,1958
7362,1953
7363,1957
7364,1960
7365,1951
7366,1952
7367,1951
7368,1952
7369,1952
7370,1951
7371,1955
7372,1960
7373,1957
7374,1951
7375,1952
7376,1958
7377,1954
7378,1960
7379,1958
7380,1952
7381,1952
7382,1952
7383,1958
7384,1956
7385,1954
7386,1952
7387,1958
7388,1953
7389,1951
7390,1957
7391,1955
7392,1956
7393,1951
7394,1960
7395,1956
7396,1960
7397,1953
7398,1951
7399,1957
7400,1959
7401,1956
7402,1954
7403,1957
7404,1952
7405,1957
7406,1957
7407,1957
7408,1955
7409,1960
7410,1951
7411,1956
7412,1956
7413,1954
7414,1958
7415,1956
7416,1954
7417,1954
7418,1960
7419,1954
7420,1951
7421,1951
7422,1959
7423,1957
7424,1951
7425,1955
7426,1960
7427,1953
7428,1956
7429,1956
7430,1954
7431,1957
7432,1952
7433,1953
7434,1951
7435,1954
7436,1960
7437,1953
7438,1958
7439,1952
7440,1955
7441,1952
7442,1960
7443,1954
7444,1960
7445,1956
7446,1960
7447,1958
7448,1959
7449,1957
7450,1958
7451,1953
7452,1954
7453,1960
7454,1952
7455,1958
7456,1958
7457,1954
7458,1959
7459,1956
7460,1959
7461,1958
7462,1956
7463,1953
7464,1953
7465,1957
7466,1957
7467,1953
7468,1955
7469,1956
7470,1959
7471,1957
7472,1956
7473,1956
7474,1953
7475,1960
7476,1958
7477,1953
7478,1957
7479,1953
7480,1955
7481,1954
7482,1952
7483,1958
7484,1956
7485,1954
7486,1957
7487,1955
7488,1957
7489,1955
7490,1954
7491,1953
7492,1960
7493,1959
7494,1951
7495,1960
7496,1957
7497,1953
7498,1959
7499,1952
7500,1956
7501,1957
7502,1952
7503,1957
7504,1960
7505,1953
7506,1958
7507,1958
7508,1960
7509,1957
7510,1955
7511,1960
7512,1953
7513,1960
7514,1957
7515,1955
7516,1954
7517,1956
7518,1951
7519,1956
7520,1960
7521,1952
7522,1952
7523,1956
7524,1951
7525,1957
7526,1958
7527,1952
7528,1958
7529,1955
7530,1954
7531,1951
7532,1959
7533,1954
7534,1954
7535,1957
7536,1955
7537,1956
7538,1960
7539,1954
7540,1953
7541,1959
7542,1952
7543,1951
7544,1957
7545,1958
7546,1958
7547,1959
7548,1960
7549,1957
7550,1952
7551,1959
7552,1951
7553,1955
7554,1953
7555,1953
7556,1957
7557,1958
7558,1957
7559,1958
7560,1953
7561,1956
7562,1954
7563,1959
7564,1960
7565,1958
7566,1956
7567,1955
7568,1956
7569,1959
7570,1951
7571,1953
7572,1955
7573,1960
7574,1951
7575,1954
7576,1954
7577,1952
7578,1955
7579,1953
7580,1958
7581,1955
7582,1959
7583,1958
7584,1955
7585,1954
7586,1951
7587,1956
7588,1959
7589,1959
7590,1957
7591,1956
7592,1960
7593,1951
7594,1954
7595,1953
7596,1959
7597,1952
7598,1958
7599,1957
7600,1952
7601,1959
7602,1957
7603,1951
7604,1953
7605,1959
7606,1958
7607,1954
7608,1958
7609,1958
7610,1953
7611,1952
7612,1955
7613,1957
7614,1951
7615,1955
7616,1959
7617,1956
7618,1955
7619,1952
7620,1956
7621,1954
7622,1958
7623,1959
7624,1952
7625,1953
7626,1954
7627,1959
7628,1957
7629,1957
7630,1955
7631,1959
7632,1956
7633,1960
7634,1953
7635,1955
7636,1956
7637,1954
7638,1960
7639,1956
7640,1955
7641,1955
7642,1960
7643,1958
7644,1956
7645,1955
7646,1955
7647,1955
7648,1952
7649,1959
7650,1952
7651,1954
7652,1956
7653,1959
7654,1957
7655,1953
7656,1957
7657,1953
7658,1957
7659,1958
7660,1959
7661,1960
7662,1954
7663,1960
7664,1953
7665,1959
7666,1952
7667,1957
7668,1959
7669,1955
7670,1957
7671,1957
7672,1958
7673,1951
7674,1958
7675,1958
7676,1952
7677,1951
7678,1956
7679,1951
7680,1956
7681,1953
7682,1951
7683,1957
7684,1959
7685,1956
7686,1953
7687,1952
7688,1960
7689,1954
7690,1958
7691,1952
7692,1951
7693,1955
7694,1957
7695,1953
7696,1960
7697,1956
7698,1954
7699,1954
7700,1952
7701,1955
7702,1954
7703,1957
7704,1958
7705,1954
7706,1955
7707,1960
7708,1955
7709,1955
7710,1952
7711,1956
7712,1959
7713,1960
7714,1955
7715,1951
7716,1953
7717,1955
7718,1956
7719,1952
7720,1953
7721,1953
7722,1958
7723,1954
7724,1955
7725,1957
7726,1951
7727,1956
7728,1958
7729,1951
7730,1954
7731,1959
7732,1958
7733,1951
7734,1957
7735,1952
7736,1951
7737,1952
7738,1955
7739,1951
7740,1954
7741,1956
7742,1958
7743,1958
7744,1959
7745,1957
7746,1953
7747,1960
7748,1960
7749,1959
7750,1951
7751,1959
7752,1957
7753,1952
7754,1951
7755,1956
7756,1951
7757,1956
7758,1954
7759,1951
7760,1952
7761,1954
7762,1951
7763,1960
7764,1955
7765,1955
7766,1958
7767,1951
7768,1955
7769,1956
7770,1958
7771,1956
7772,1959
7773,1952
7774,1959
7775,1957
7776,1958
7777,1955
7778,1958
7779,1956
7780,1957
7781,1957
7782,1951
7783,1958
7784,1959
7785,1957
7786,1956
7787,1960
7788,1955
7789,1955
7790,1954
7791,1960
7792,1960
7793,1953
7794,1958
7795,1957
7796,1952
7797,1958
7798,1953
7799,1951
7800,1960
7801,1952
7802,1958
7803,1956
7804,1956
7805,1954
7806,1960
7807,1952
7808,1953
7809,1953
7810,1952
7811,1953
7812,1960
7813,1959
7814,1951
7815,1954
7816,1951
7817,1956
7818,1957
7819,1959
7820,1953
7821,1959
7822,1958
7823,1959
7824,1957
7825,1959
7826,1958
7827,1958
7828,1953
7829,1959
7830,1960
7831,1959
7832,1960
7833,1958
7834,1959
7835,1957
7836,1955
7837,1953
7838,1958
7839,1960
7840,1958
7841,1955
7842,1956
7843,1960
7844,1953
7845,1959
7846,1956
7847,1958
7848,1958
7849,1960
7850,1953
7851,1960
7852,1956
7853,1956
7854,1952
7855,1955
7856,1953
7857,1956
7858,1958
7859,1959
7860,1957
7861,1959
7862,1957
7863,1953
7864,1954
7865,1956
7866,1956
7867,1958
7868,1954
7869,1958
7870,1958
7871,1958
7872,1957
7873,1959
7874,1958
7875,1951
7876,1957
7877,1956
7878,1956
7879,1960
7880,1955
7881,1953
7882,1957
7883,1955
7884,1951
7885,1951
7886,1955
7887,1951
7888,1956
7889,1951
7890,1955
7891,1960
7892,1954
7893,1954
7894,1955
7895,1957
7896,1954
7897,1953
7898,1952
7899,1954
7900,1952
7901,1960
7902,1951
7903,1953
7904,1960
7905,1954
7906,1951
7907,1955
7908,1960
7909,1960
7910,1952
7911,1957
7912,1959
7913,1951
7914,1953
7915,1956
7916,1954
7917,1952
7918,1952
7919,1954
7920,1958
7921,1956
7922,1951
7923,1957
7924,1953
7925,1957
7926,1953
7927,1953
7928,1959
7929,1958
7930,1954
7931,1953
7932,1951
7933,1956
7934,1958
7935,1960
7936,1953
7937,1955
7938,1951
7939,1960
7940,1955
7941,1955
7942,1957
7943,1960
7944,1958
7945,1959
7946,1956
7947,1957
7948,1955
7949,1953
7950,1951
7951,1957
7952,1955
7953,1957
7954,1952
7955,1953
7956,1954
7957,1955
7958,1951
7959,1953
7960,1956
7961,1953
7962,1953
7963,1956
7964,1952
7965,1956
7966,1956
7967,1954
7968,1952
7969,1955
7970,1959
7971,1958
7972,1952
7973,1957
7974,1951
7975,1960
7976,1952
7977,1953
7978,1959
7979,1960
7980,1955
7981,1952
7982,1956
7983,1958
7984,1960
7985,1957
7986,1958
7987,1956
7988,1957
7989,1952
7990,1956
7991,1952
7992,1959
7993,1956
7994,1960
7995,1960
7996,1957
7997,1956
7998,1959
7999,1960
8000,1952
8001,1952
8002,1951
8003,1952
8004,1959
8005,1956
8006,1956
8007,1958
8008,1953
8009,1958
8010,1952
8011,1959
8012,1954
8013,1951
8014,1954
8015,1960
8016,1959
8017,1951
8018,1953
8019,1956
8020,1953
8021,1957
8022,1957
8023,1959
8024,1957
8025,1954
8026,1957
8027,1956
8028,1957
8029,1959
8030,1953
8031,1956
8032,1960
8033,1960
8034,1957
8035,1960
8036,1952
8037,1957
8038,1959
8039,1953
8040,1956
8041,1953
8042,1956
8043,1960
8044,1955
8045,1957
8046,1954
8047,1956
8048,1953
8049,1960
8050,1958
8051,1956
8052,1955
8053,1953
8054,1958
8055,1954
8056,1951
8057,1956
8058,1952
8059,1953
8060,1954
8061,1956
8062,1959
8063,1960
8064,1954
8065,1951
8066,1955
8067,1953
8068,1956
8069,1954
8070,1960
8071,1957
8072,1956
8073,1954
8074,1954
8075,1959
8076,1953
8077,1959
8078,1951
8079,1954
8080,1957
8081,1957
8082,1958
8083,1957
8084,1952
8085,1953
8086,1960
8087,1954
8088,1954
8089,1959
8090,1955
8091,1959
8092,1957
8093,1959
8094,1958
8095,1953
8096,1951
8097,1951
8098,1954
8099,1957
8100,1957
8101,1954
8102,1960
8103,1954
8104,1954
8105,1957
8106,1953
8107,1957
8108,1956
8109,1951
8110,1953
8111,1951
8112,1952
8113,1957
8114,1953
8115,1960
8116,1953
8117,1953
8118,1952
8119,1951
8120,1952
8121,1959
8122,1951
8123,1954
8124,1960
8125,1954
8126,1960
8127,1951
8128,1960
8129,1956
8130,1952
8131,1953
8132,1952
8133,1957
8134,1954
8135,1954
8136,1951
8137,1956
8138,1954
8139,1958
8140,1951
8141,1956
8142,1951
8143,1953
8144,1955
8145,1954
8146,1959
8147,1951
8148,1954
8149,1957
8150,1951
8151,1954
8152,1953
8153,1957
8154,1958
8155,1954
8156,1957
8157,1960
8158,1957
8159,1955
8160,1959
8161,1958
8162,1960
8163,1954
8164,1956
8165,1960
8166,1959
8167,1960
8168,1956
8169,1951
8170,1952
8171,1960
8172,1955
8173,1956
8174,1958
8175,1953
8176,1960
8177,1956
8178,1959
8179,1957
8180,1958
8181,1952
8182,1960
8183,1953
8184,1951
8185,1956
8186,1952
8187,1955
8188,1952
8189,1952
8190,1957
8191,1953
8192,1958
8193,1952
8194,1960
8195,1954
8196,1955
8197,1957
8198,1956
8199,1956
8200,1958
8201,1959
8202,1960
8203,1960
8204,1954
8205,1951
8206,1957
8207,1956
8208,1953
8209,1955
8210,1957
8211,1957
8212,1960
8213,1960
8214,1957
8215,1955
8216,1953
8217,1957
8218,1960
8219,1954
8220,1955
8221,1954
8222,1952
8223,1955
8224,1955
8225,1952
8226,1959
8227,1960
8228,1952
8229,1952
8230,1959
8231,1951
8232,1952
8233,1953
8234,1960
8235,1956
8236,1954
8237,1955
8238,1958
8239,1956
8240,1951
8241,1957
8242,1957
8243,1952
8244,1957
8245,1952
8246,1958
8247,1951
8248,1956
8249,1954
8250,1959
8251,1956
8252,1952
8253,1952
8254,1952
8255,1957
8256,1952
8257,1953
8258,1960
8259,1956
8260,1954
8261,1957
8262,1952
8263,1960
8264,1953
8265,1956
8266,1952
8267,1958
8268,1960
8269,1952
8270,1951
8271,1952
8272,1957
8273,1957
8274,1956
8275,1957
8276,1954
8277,1959
8278,1959
8279,1957
8280,1958
8281,1955
8282,1959
8283,1960
8284,1955
8285,1956
8286,1953
8287,1953
8288,1951
8289,1959
8290,1956
8291,1952
8292,1959
8293,1959
8294,1952
8295,1952
8296,1957
8297,1958
8298,1958
8299,1953
8300,1955
8301,1951
8302,1953
8303,1959
8304,1960
8305,1956
8306,1951
8307,1958
8308,1954
8309,1956
8310,1960
8311,1951
8312,1959
8313,1960
8314,1960
8315,1957
8316,1960
8317,1959
8318,1951
8319,1954
8320,1958
8321,1960
8322,1957
8323,1954
8324,1960
8325,1951
8326,1959
8327,1959
8328,1959
8329,1952
8330,1951
8331,1958
8332,1957
8333,1954
8334,1951
8335,1958
8336,1959
8337,1954
8338,1955
8339,1959
8340,1959
8341,1953
8342,1960
8343,1952
8344,1958
8345,1955
8346,1952
8347,1955
8348,1959
8349,1956
8350,1959
8351,1952
8352,1958
8353,1955
8354,1960
8355,1958
8356,1951
8357,1955
8358,1954
8359,1960
8360,1951
8361,1958
8362,1954
8363,1956
8364,1955
8365,1958
8366,1959
8367,1953
8368,1952
8369,1951
8370,1960
8371,1960
8372,1956
8373,1952
8374,1960
8375,1953
8376,1956
8377,1956
8378,1956
8379,1959
8380,1953
8381,1959
8382,1955
8383,1954
8384,1956
8385,1956
8386,1952
8387,1957
8388,1959
8389,1952
8390,1954
8391,1960
8392,1960
8393,1954
8394,1958
8395,1960
8396,1956
8397,1953
8398,1951
8399,1951
8400,1954
8401,1953
8402,1953
8403,1955
8404,1951
8405,1960
8406,1960
8407,1954
8408,1956
8409,1953
8410,1956
8411,1951
8412,1957
8413,1953
8414,1951
8415,1956
8416,1956
8417,1958
8418,1955
8419,1953
8420,1958
8421,1960
8422,1955
8423,1955
8424,1958
8425,1956
8426,1951
8427,1959
8428,1952
8429,1951
8430,1952
8431,1960
8432,1960
8433,1955
8434,1954
8435,1954
8436,1952
8437,1952
8438,1960
8439,1959
8440,1954
8441,1956
8442,1960
8443,1953
8444,1956
8445,1952
8446,1960
8447,1958
8448,1952
8449,1959
8450,1956
8451,1953
8452,1951
8453,1960
8454,1958
8455,1958
8456,1951
8457,1960
8458,1954
8459,1957
8460,1957
8461,1957
8462,1952
8463,1953
8464,1957
8465,1955
8466,1957
8467,1957
8468,1951
8469,1953
8470,1959
8471,1957
8472,1959
8473,1957
8474,1953
8475,1951
8476,1959
8477,1958
8478,1956
8479,1952
8480,1958
8481,1957
8482,1953
8483,1952
8484,1956
8485,1953
8486,1952
8487,1957
8488,1953
8489,1954
8490,1959
8491,1960
8492,1959
8493,1956
8494,1955
8495,1955
8496,1953
8497,1951
8498,1960
8499,1954
8500,1955
8501,1956
8502,1958
8503,1952
8504,1955
8505,1955
8506,1957
8507,1954
8508,1959
8509,1959
8510,1958
8511,1960
8512,1952
8513,1953
8514,1951
8515,1957
8516,1955
8517,1956
8518,1958
8519,1955
8520,1960
8521,1960
8522,1957
8523,1957
8524,1955
8525,1959
8526,1954
8527,1951
8528,1951
8529,1960
8530,1958
8531,1953
8532,1954
8533,1952
8534,1957
8535,1958
8536,1953
8537,1956
8538,1953
8539,1960
8540,1955
8541,1958
8542,1959
8543,1959
8544,1956
8545,1955
8546,1952
8547,1956
8548,1955
8549,1954
8550,1951
8551,1959
8552,1959
8553,1953
8554,1958
8555,1956
8556,1958
8557,1959
8558,1951
8559,1960
8560,1954
8561,1953
8562,1955
8563,1953
8564,1951
8565,1956
8566,1952
8567,1959
8568,1958
8569,1960
8570,1959
8571,1956
8572,1958
8573,1958
8574,1957
8575,1957
8576,1954
8577,1958
8578,1954
8579,1952
8580,1959
8581,1955
8582,1959
8583,1951
8584,1956
8585,1952
8586,1958
8587,1953
8588,1954
8589,1956
8590,1954
8591,1956
8592,1957
8593,1951
8594,1954
8595,1958
8596,1958
8597,1953
8598,1952
8599,1958
8600,1959
8601,1953
8602,1954
8603,1957
8604,1960
8605,1953
8606,1952
8607,1954
8608,1951
8609,1954
8610,1952
8611,1960
8612,1956
8613,1951
8614,1958
8615,1960
8616,1955
8617,1955
8618,1952
8619,1953
8620,1957
8621,1951
8622,1956
8623,1957
8624,1958
8625,1954
8626,1959
8627,1960
8628,1952
8629,1952
8630,1960
8631,1960
8632,1953
8633,1957
8634,1958
8635,1959
8636,1957
8637,1958
8638,1955
8639,1956
8640,1958
8641,1954
8642,1958
8643,1959
8644,1959
8645,1960
8646,1952
8647,1954
8648,1958
8649,1952
8650,1951
8651,1954
8652,1960
8653,1954
8654,1957
8655,1952
8656,1958
8657,1952
8658,1951
8659,1959
8660,1958
8661,1955
8662,1953
8663,1954
8664,1953
8665,1955
8666,1959
8667,1952
8668,1956
8669,1957
8670,1958
8671,1959
8672,1960
8673,1953
8674,1960
8675,1956
8676,1956
8677,1955
8678,1953
8679,1958
8680,1957
8681,1958
8682,1960
8683,1960
8684,1956
8685,1957
8686,1960
8687,1955
8688,1951
8689,1954
8690,1957
8691,1954
8692,1957
8693,1957
8694,1951
8695,1956
8696,1956
8697,1951
8698,1956
8699,1955
8700,1957
8701,1956
8702,1955
8703,1955
8704,1957
8705,1954
8706,1959
8707,1955
8708,1952
8709,1951
8710,1951
8711,1958
8712,1960
8713,1956
8714,1960
8715,1956
8716,1952
8717,1957
8718,1955
8719,1953
8720,1957
8721,1956
8722,1951
8723,1956
8724,1955
8725,1953
8726,1959
8727,1958
8728,1956
8729,1960
8730,1960
8731,1955
8732,1955
8733,1957
8734,1954
8735,1953
8736,1952
8737,1953
8738,1957
8739,1952
8740,1959
8741,1958
8742,1954
8743,1951
8744,1952
8745,1951
8746,1952
8747,1956
8748,1955
8749,1953
8750,1954
8751,1951
8752,1960
8753,1957
8754,1953
8755,1952
8756,1956
8757,1956
8758,1953
8759,1951
8760,1956
8761,1955
8762,1955
8763,1952
8764,1956
8765,1952
8766,1954
8767,1951
8768,1960
8769,1960
8770,1959
8771,1955
8772,1957
8773,1951
8774,1951
8775,1956
8776,1954
8777,1958
8778,1958
8779,1956
8780,1959
8781,1954
8782,1954
8783,1957
8784,1957
8785,1956
8786,1958
8787,1956
8788,1958
8789,1952
8790,1957
8791,1958
8792,1960
8793,1960
8794,1955
8795,1951
8796,1956
8797,1953
8798,1956
8799,1953
8800,1960
8801,1959
8802,1960
8803,1956
8804,1951
8805,1953
8806,1951
8807,1955
8808,1958
8809,1952
8810,1952
8811,1956
8812,1951
8813,1954
8814,1960
8815,1957
8816,1956
8817,1959
8818,1959
8819,1956
8820,1952
8821,1959
8822,1960
8823,1960
8824,1957
8825,1958
8826,1954
8827,1953
8828,1957
8829,1960
8830,1960
8831,1951
8832,1957
8833,1952
8834,1958
8835,1952
8836,1959
8837,1953
8838,1959
8839,1954
8840,1957
8841,1955
8842,1955
8843,1960
8844,1958
8845,1955
8846,1955
8847,1959
8848,1959
8849,1958
8850,1952
8851,1955
8852,1952
8853,1956
8854,1952
8855,1952
8856,1951
8857,1959
8858,1954
8859,1958
8860,1956
8861,1951
8862,1953
8863,1959
8864,1956
8865,1960
8866,1951
8867,1957
8868,1954
8869,1952
8870,1953
8871,1957
8872,1957
8873,1958
8874,1957
8875,1954
8876,1955
8877,1955
8878,1955
8879,1953
8880,1957
8881,1954
8882,1954
8883,1956
8884,1954
8885,1951
8886,1953
8887,1955
8888,1952
8889,1958
8890,1959
8891,1956
8892,1952
8893,1956
8894,1960
8895,1955
8896,1959
8897,1960
8898,1959
8899,1959
8900,1952
8901,1955
8902,1959
8903,1951
8904,1952
8905,1956
8906,1960
8907,1957
8908,1960
8909,1951
8910,1952
8911,1952
8912,1953
8913,1959
8914,1956
8915,1953
8916,1953
8917,1958
8918,1956
8919,1960
8920,1952
8921,1952
8922,1957
8923,1955
8924,1957
8925,1960
8926,1954
8927,1956
8928,1959
8929,1951
8930,1951
8931,1955
8932,1955
8933,1956
8934,1956
8935,1951
8936,1952
8937,1958
8938,1953
8939,1960
8940,1951
8941,1952
8942,1955
8943,1955
8944,1957
8945,1953
8946,1960
8947,1955
8948,1958
8949,1960
8950,1958
8951,1955
8952,1951
8953,1960
8954,1952
8955,1957
8956,1957
8957,1956
8958,1954
8959,1957
8960,1960
8961,1957
8962,1951
8963,1958
8964,1954
8965,1957
8966,1955
8967,1954
8968,1953
8969,1956
8970,1953
8971,1960
8972,1956
8973,1958
8974,1954
8975,1954
8976,1958
8977,1960
8978,1952
8979,1951
8980,1953
8981,1953
8982,1954
8983,1960
8984,1960
8985,1957
8986,1952
8987,1952
8988,1955
8989,1960
8990,1951
8991,1955
8992,1958
8993,1956
8994,1956
8995,1952
8996,1958
8997,1959
8998,1959
8999,1954
9000,1955
9001,1960
9002,1957
9003,1951
9004,1956
9005,1956
9006,1955
9007,1955
9008,1956
9009,1956
9010,1952
9011,1960
9012,1955
9013,1955
9014,1959
9015,1953
9016,1960
9017,1952
9018,1954
9019,1957
9020,1954
9021,1957
9022,1959
9023,1953
9024,1958
9025,1955
9026,1955
9027,1957
9028,1952
9029,1952
9030,1959
9031,1952
9032,1953
9033,1951
9034,1953
9035,1959
9036,1956
9037,1960
9038,1958
9039,1955
9040,1957
9041,1952
9042,1951
9043,1952
9044,1960
9045,1956
9046,1955
9047,1960
9048,1956
9049,1952
9050,1957
9051,1956
9052,1954
9053,1957
9054,1954
9055,1960
9056,1952
9057,1955
9058,1956
9059,1960
9060,1957
9061,1956
9062,1960
9063,1958
9064,1953
9065,1958
9066,1958
9067,1958
9068,1953
9069,1958
9070,1952
9071,1952
9072,1960
9073,1951
9074,1953
9075,1957
9076,1955
9077,1951
9078,1955
9079,1952
9080,1955
9081,1951
9082,1957
9083,1951
9084,1951
9085,1957
9086,1959
9087,1958
9088,1960
9089,1954
9090,1958
9091,1960
9092,1956
9093,1956
9094,1951
9095,1954
9096,1954
9097,1954
9098,1951
9099,1951
9100,1951
9101,1957
9102,1958
9103,1957
9104,1954
9105,1951
9106,1951
9107,1959
9108,1955
9109,1957
9110,1951
9111,1951
9112,1951
9113,1952
9114,1957
9115,1960
9116,1957
9117,1957
9118,1953
9119,1955
9120,1953
9121,1955
9122,1958
9123,1959
9124,1952
9125,1957
9126,1955
9127,1957
9128,1953
9129,1957
9130,1959
9131,1958
9132,1954
9133,1954
9134,1954
9135,1953
9136,1960
9137,1956
9138,1952
9139,1959
9140,1960
9141,1959
9142,1951
9143,1958
9144,1954
9145,1959
9146,1957
9147,1956
9148,1953
9149,1954
9150,1957
9151,1953
9152,1954
9153,1957
9154,1958
9155,1953
9156,1957
9157,1954
9158,1957
9159,1952
9160,1951
9161,1955
9162,1958
9163,1958
9164,1960
9165,1954
9166,1958
9167,1958
9168,1953
9169,1954
9170,1955
9171,1955
9172,1958
9173,1958
9174,1960
9175,1952
9176,1955
9177,1956
9178,1958
9179,1955
9180,1955
9181,1960
9182,1960
9183,1956
9184,1957
9185,1956
9186,1951
9187,1954
9188,1956
9189,1954
9190,1952
9191,1954
9192,1953
9193,1953
9194,1957
9195,1959
9196,1955
9197,1957
9198,1957
9199,1960
9200,1953
9201,1959
9202,1958
9203,1952
9204,1953
9205,1952
9206,1956
9207,1958
9208,1960
9209,1952
9210,1958
9211,1953
9212,1956
9213,1956
9214,1953
9215,1955
9216,1958
9217,1954
9218,1953
9219,1959
9220,1952
9221,1959
9222,1960
9223,1960
9224,1953
9225,1957
9226,1960
9227,1951
9228,1956
9229,1952
9230,1956
9231,1956
9232,1958
9233,1957
9234,1960
9235,1952
9236,1960
9237,1957
9238,1952
9239,1951
9240,1954
9241,1958
9242,1952
9243,1953
9244,1952
9245,1955
9246,1959
9247,1955
9248,1953
9249,1955
9250,1953
9251,1953
9252,1958
9253,1957
9254,1958
9255,1953
9256,1957
9257,1957
9258,1952
9259,1955
9260,1957
9261,1958
9262,1951
9263,1955
9264,1953
9265,1953
9266,1955
9267,1954
9268,1960
9269,1954
9270,1958
9271,1951
9272,1955
9273,1957
9274,1952
9275,1956
9276,1955
9277,1959
9278,1956
9279,1952
9280,1953
9281,1951
9282,1953
9283,1953
9284,1956
9285,1952
9286,1952
9287,1952
9288,1957
9289,1951
9290,1959
9291,1958
9292,1953
9293,1952
9294,1960
9295,1956
9296,1954
9297,1959
9298,1960
9299,1959
9300,1958
9301,1952
9302,1960
9303,1958
9304,1952
9305,1955
9306,1953
9307,1951
9308,1953
9309,1955
9310,1955
9311,1960
9312,1958
9313,1958
9314,1955
9315,1955
9316,1955
9317,1959
9318,1958
9319,1958
9320,1958
9321,1951
9322,1952
9323,1955
9324,1957
9325,1958
9326,1954
9327,1960
9328,1958
9329,1960
9330,1951
9331,1956
9332,1958
9333,1958
9334,1960
9335,1953
9336,1957
9337,1960
9338,1953
9339,1960
9340,1959
9341,1951
9342,1956
9343,1959
9344,1960
9345,1955
9346,1959
9347,1957
9348,1957
9349,1952
9350,1952
9351,1957
9352,1960
9353,1956
9354,1958
9355,1955
9356,1954
9357,1955
9358,1957
9359,1956
9360,1956
9361,1960
9362,1955
9363,1956
9364,1959
9365,1956
9366,1960
9367,1960
9368,1958
9369,1959
9370,1954
9371,1959
9372,1955
9373,1952
9374,1953
9375,1960
9376,1957
9377,1951
9378,1953
9379,1957
9380,1951
9381,1959
9382,1951
9383,1959
9384,1953
9385,1953
9386,1951
9387,1952
9388,1955
9389,1958
9390,1960
9391,1956
9392,1960
9393,1951
9394,1958
9395,1959
9396,1954
9397,1952
9398,1959
9399,1951
9400,1955
9401,1958
9402,1960
9403,1952
9404,1953
9405,1954
9406,1958
9407,1954
9408,1953
9409,1951
9410,1958
9411,1957
9412,1959
9413,1956
9414,1951
9415,1953
9416,1957
9417,1953
9418,1960
9419,1959
9420,1958
9421,1955
9422,1956
9423,1957
9424,1958
9425,1952
9426,1955
9427,1959
9428,1959
9429,1959
9430,1955
9431,1953
9432,1958
9433,1959
9434,1957
9435,1953
9436,1953
9437,1958
9438,1960
9439,1959
9440,1951
9441,1953
9442,1955
9443,1957
9444,1951
9445,1954
9446,1958
9447,1958
9448,1958
9449,1957
9450,1951
9451,1956
9452,1953
9453,1960
9454,1960
9455,1960
9456,1954
9457,1954
9458,1954
9459,1956
9460,1959
9461,1960
9462,1957
9463,1955
9464,1959
9465,1954
9466,1960
9467,1954
9468,1960
9469,1959
9470,1956
9471,1955
9472,1953
9473,1959
9474,1952
9475,1960
9476,1958
9477,1953
9478,1956
9479,1958
9480,1960
9481,1955
9482,1951
9483,1957
9484,1960
9485,1951
9486,1958
9487,1956
9488,1959
9489,1954
9490,1951
9491,1954
9492,1954
9493,1952
9494,1953
9495,1952
9496,1955
9497,1957
9498,1955
9499,1958
9500,1952
9501,1960
9502,1957
9503,1952
9504,1957
9505,1953
9506,1953
9507,1959
9508,1959
9509,1959
9510,1957
9511,1960
9512,1958
9513,1956
9514,1960
9515,1958
9516,1954
9517,1951
9518,1954
9519,1955
9520,1957
9521,1959
9522,1953
9523,1951
9524,1954
9525,1960
9526,1952
9527,1954
9528,1954
9529,1959
9530,1956
9531,1960
9532,1956
9533,1957
9534,1955
9535,1957
9536,1952
9537,1959
9538,1960
9539,1959
9540,1952
9541,1951
9542,1951
9543,1960
9544,1956
9545,1958
9546,1955
9547,1953
9548,1955
9549,1959
9550,1951
9551,1953
9552,1960
9553,1951
9554,1952
9555,1959
9556,1953
9557,1957
9558,1952
9559,1957
9560,1951
9561,1953
9562,1958
9563,1952
9564,1958
9565,1956
9566,1952
9567,1960
9568,1951
9569,1951
9570,1958
9571,1956
9572,1957
9573,1951
9574,1955
9575,1953
9576,1951
9577,1954
9578,1955
9579,1954
9580,1955
9581,1958
9582,1956
9583,1955
9584,1953
9585,1955
9586,1951
9587,1952
9588,1953
9589,1954
9590,1952
9591,1955
9592,1957
9593,1951
9594,1953
9595,1951
9596,1951
9597,1959
9598,1954
9599,1954
9600,1958
9601,1952
9602,1955
9603,1952
9604,1952
9605,1952
9606,1953
9607,1959
9608,1960
9609,1952
9610,1959
9611,1959
9612,1951
9613,1960
9614,1952
9615,1955
9616,1955
9617,1952
9618,1953
9619,1955
9620,1954
9621,1958
9622,1952
9623,1954
9624,1960
9625,1951
9626,1951
9627,1953
9628,1955
9629,1956
9630,1956
9631,1959
9632,1952
9633,1952
9634,1953
9635,1955
9636,1960
9637,1958
9638,1952
9639,1952
9640,1952
9641,1956
9642,1958
9643,1959
9644,1954
9645,1955
9646,1960
9647,1951
9648,1958
9649,1955
9650,1956
9651,1953
9652,1958
9653,1953
9654,1959
9655,1952
9656,1954
9657,1958
9658,1953
9659,1951
9660,1956
9661,1956
9662,1956
9663,1955
9664,1960
9665,1955
9666,1959
9667,1958
9668,1957
9669,1957
9670,1952
9671,1959
9672,1958
9673,1960
9674,1957
9675,1957
9676,1960
9677,1952
9678,1953
9679,1951
9680,1956
9681,1954
9682,1958
9683,1958
9684,1957
9685,1956
9686,1951
9687,1951
9688,1956
9689,1956
9690,1955
9691,1956
9692,1952
9693,1960
9694,1956
9695,1951
9696,1953
9697,1951
9698,1952
9699,1958
9700,1954
9701,1954
9702,1960
9703,1953
9704,1956
9705,1960
9706,1957
9707,1960
9708,1954
9709,1960
9710,1952
9711,1959
9712,1954
9713,1954
9714,1952
9715,1959
9716,1958
9717,1954
9718,1955
9719,1952
9720,1957
9721,1955
9722,1960
9723,1954
9724,1958
9725,1957
9726,1955
9727,1956
9728,1951
9729,1954
9730,1954
9731,1959
9732,1960
9733,1956
9734,1952
9735,1957
9736,1959
9737,1954
9738,1958
9739,1959
9740,1955
9741,1955
9742,1955
9743,1957
9744,1958
9745,1955
9746,1955
9747,1954
9748,1960
9749,1952
9750,1954
9751,1951
9752,1960
9753,1960
9754,1955
9755,1953
9756,1957
9757,1953
9758,1953
9759,1959
9760,1955
9761,1955
9762,1957
9763,1955
9764,1954
9765,1957
9766,1953
9767,1958
9768,1954
9769,1951
9770,1960
9771,1959
9772,1956
9773,1951
9774,1952
9775,1958
9776,1954
9777,1952
9778,1959
9779,1954
9780,1958
9781,1951
9782,1953
9783,1959
9784,1959
9785,1955
9786,1960
9787,1960
9788,1957
9789,1958
9790,1960
9791,1955
9792,1955
9793,1953
9794,1958
9795,1957
9796,1954
9797,1952
9798,1960
9799,1957
9800,1956
9801,1958
9802,1959
9803,1958
9804,1957
9805,1953
9806,1959
9807,1959
9808,1960
9809,1959
9810,1953
9811,1960
9812,1951
9813,1952
9814,1958
9815,1959
9816,1954
9817,1955
9818,1959
9819,1959
9820,1957
9821,1955
9822,1960
9823,1956
9824,1952
9825,1952
9826,1960
9827,1959
9828,1954
9829,1951
9830,1952
9831,1958
9832,1956
9833,1955
9834,1955
9835,1951
9836,1956
9837,1951
9838,1953
9839,1951
9840,1958
9841,1959
9842,1957
9843,1954
9844,1954
9845,1959
9846,1951
9847,1952
9848,1954
9849,1957
9850,1960
9851,1953
9852,1960
9853,1954
9854,1957
9855,1958
9856,1958
9857,1960
9858,1959
9859,1958
9860,1955
9861,1955
9862,1957
9863,1959
9864,1958
9865,1955
9866,1960
9867,1955
9868,1954
9869,1957
9870,1959
9871,1956
9872,1960
9873,1956
9874,1951
9875,1953
9876,1958
9877,1954
9878,1953
9879,1953
9880,1952
9881,1957
9882,1955
9883,1955
9884,1953
9885,1960
9886,1960
9887,1956
9888,1959
9889,1957
9890,1955
9891,1954
9892,1958
9893,1953
9894,1957
9895,1959
9896,1960
9897,1960
9898,1954
9899,1960
9900,1960
9901,1957
9902,1956
9903,1953
9904,1951
9905,1952
9906,1957
9907,1958
9908,1951
9909,1954
9910,1953
9911,1956
9912,1955
9913,1955
9914,1958
9915,1952
9916,1959
9917,1953
9918,1958
9919,1952
9920,1958
9921,1952
9922,1958
9923,1951
9924,1954
9925,1955
9926,1955
9927,1955
9928,1952
9929,1958
9930,1952
9931,1958
9932,1958
9933,1958
9934,1960
9935,1951
9936,1953
9937,1955
9938,1954
9939,1960
9940,1957
9941,1953
9942,1952
9943,1952
9944,1951
9945,1959
9946,1951
9947,1953
9948,1960
9949,1958
9950,1957
9951,1951
9952,1954
9953,1954
9954,1958
9955,1960
9956,1951
9957,1959
9958,1954
9959,1959
9960,1955
9961,1952
9962,1957
9963,1955
9964,1957
9965,1958
9966,1960
9967,1954
9968,1956
9969,1951
9970,1952
9971,1956
9972,1953
9973,1955
9974,1959
9975,1952
9976,1959
9977,1952
9978,1960
9979,1952
9980,1957
9981,1959
9982,1955
9983,1955
9984,1954
9985,1954
9986,1957
9987,1955
9988,1953
9989,1956
9990,1956
9991,1959
9992,1958
9993,1957
9994,1958
9995,1957
9996,1958
9997,1959
9998,1955
9999,1957
10000,1952
